{"cameraMode":{"drawMode":0,"name":"Shaded","section":"Shading Mode"},"sceneLighting":true,"audioPlay":false,"sceneViewState":{"m_AlwaysRefresh":true,"showFog":true,"showSkybox":false,"showFlares":true,"showImageEffects":true,"showParticleSystems":true,"showVisualEffectGraphs":true,"m_FxEnabled":true},"in2DMode":false,"pivot":{"x":4.5505523681640629,"y":-1.1915282011032105,"z":0.16022613644599915},"rotation":{"x":-0.1244858056306839,"y":-0.0038732201792299749,"z":0.0004859811451751739,"w":-0.9922184944152832},"size":5.459367752075195,"orthographic":false}