Using pre-set license
Built from '6000.1/staging' branch; Version is '6000.1.2f1 (8e2281df4c52) revision 9314945'; Using compiler version '194234433'; Build Type 'Release'
OS: 'Windows 10  (10.0.19045) 64bit Core' Language: 'en' Physical Memory: 32673 MB
BatchMode: 1, IsHumanControllingUs: 0, StartBugReporterOnCrash: 0, Is64bit: 1, IsPro: 1
Date: 2025-05-13T19:17:45Z

COMMAND LINE ARGUMENTS:
X:\Unity\6000.1.2f1\Editor\Unity.exe
-adb2
-batchMode
-noUpm
-name
AssetImportWorker4
-projectPath
C:/Users/tromn/OneDrive/Desktop/vsProjects/vgdFinal2
-logFile
Logs/AssetImportWorker4.log
-srvPort
63150
-job-worker-count
5
-background-job-worker-count
8
-gc-helper-count
1
-name
AssetImport
Successfully changed project path to: C:/Users/tromn/OneDrive/Desktop/vsProjects/vgdFinal2
C:/Users/tromn/OneDrive/Desktop/vsProjects/vgdFinal2
[UnityMemory] Configuration Parameters - Can be set up in boot.config
    "memorysetup-allocator-temp-initial-block-size-main=262144"
    "memorysetup-allocator-temp-initial-block-size-worker=262144"
    "memorysetup-bucket-allocator-granularity=16"
    "memorysetup-bucket-allocator-bucket-count=8"
    "memorysetup-bucket-allocator-block-size=33554432"
    "memorysetup-bucket-allocator-block-count=8"
    "memorysetup-main-allocator-block-size=16777216"
    "memorysetup-thread-allocator-block-size=16777216"
    "memorysetup-gfx-main-allocator-block-size=16777216"
    "memorysetup-gfx-thread-allocator-block-size=16777216"
    "memorysetup-cache-allocator-block-size=4194304"
    "memorysetup-typetree-allocator-block-size=2097152"
    "memorysetup-profiler-bucket-allocator-granularity=16"
    "memorysetup-profiler-bucket-allocator-bucket-count=8"
    "memorysetup-profiler-bucket-allocator-block-size=33554432"
    "memorysetup-profiler-bucket-allocator-block-count=8"
    "memorysetup-profiler-allocator-block-size=16777216"
    "memorysetup-profiler-editor-allocator-block-size=1048576"
    "memorysetup-temp-allocator-size-main=16777216"
    "memorysetup-job-temp-allocator-block-size=2097152"
    "memorysetup-job-temp-allocator-block-size-background=1048576"
    "memorysetup-job-temp-allocator-reduction-small-platforms=262144"
    "memorysetup-temp-allocator-size-background-worker=32768"
    "memorysetup-temp-allocator-size-job-worker=262144"
    "memorysetup-temp-allocator-size-preload-manager=33554432"
    "memorysetup-temp-allocator-size-nav-mesh-worker=65536"
    "memorysetup-temp-allocator-size-audio-worker=65536"
    "memorysetup-temp-allocator-size-cloud-worker=32768"
    "memorysetup-temp-allocator-size-gi-baking-worker=262144"
    "memorysetup-temp-allocator-size-gi-baking-worker=262144"
    "memorysetup-temp-allocator-size-gi-baking-worker=262144"
    "memorysetup-temp-allocator-size-gi-baking-worker=262144"
    "memorysetup-temp-allocator-size-gi-baking-worker=262144"
    "memorysetup-temp-allocator-size-gfx=262144"
Player connection [13832]  Target information:

Player connection [13832]  * "[IP] 192.168.0.153 [Port] 0 [Flags] 2 [Guid] 2858771458 [EditorId] 2858771458 [Version] 1048832 [Id] WindowsEditor(7,whatthesigma) [Debug] 1 [PackageName] WindowsEditor [ProjectName] Editor" 

Player connection [13832]  * "[IP] 169.254.7.8 [Port] 0 [Flags] 2 [Guid] 2858771458 [EditorId] 2858771458 [Version] 1048832 [Id] WindowsEditor(7,whatthesigma) [Debug] 1 [PackageName] WindowsEditor [ProjectName] Editor" 

Player connection [13832]  * "[IP] 192.168.31.1 [Port] 0 [Flags] 2 [Guid] 2858771458 [EditorId] 2858771458 [Version] 1048832 [Id] WindowsEditor(7,whatthesigma) [Debug] 1 [PackageName] WindowsEditor [ProjectName] Editor" 

Player connection [13832]  * "[IP] 192.168.5.1 [Port] 0 [Flags] 2 [Guid] 2858771458 [EditorId] 2858771458 [Version] 1048832 [Id] WindowsEditor(7,whatthesigma) [Debug] 1 [PackageName] WindowsEditor [ProjectName] Editor" 

Player connection [13832] Host joined multi-casting on [225.0.0.222:54997]...
Player connection [13832] Host joined alternative multi-casting on [225.0.0.222:34997]...
JobSystem: Creating JobQueue using job-worker-count value 5
Input System module state changed to: Initialized.
[Physics::Module] Initialized fallback backend.
[Physics::Module] Id: 0xdecafbad
Library Redirect Path: Library/
[Physics::Module] Selected backend.
[Physics::Module] Name: PhysX
[Physics::Module] Id: 0xf2b8ea05
[Physics::Module] SDK Version: 4.1.2
[Physics::Module] Integration Version: 1.0.0
[Physics::Module] Threading Mode: Multi-Threaded
Refreshing native plugins compatible for Editor in 1.50 ms, found 1 plugins.
Preloading 0 native plugins for Editor in 0.00 ms.
Initialize engine version: 6000.1.2f1 (8e2281df4c52)
[Subsystems] Discovering subsystems at path X:/Unity/6000.1.2f1/Editor/Data/Resources/UnitySubsystems
[Subsystems] Discovering subsystems at path C:/Users/tromn/OneDrive/Desktop/vsProjects/vgdFinal2/Assets
GfxDevice: creating device client; kGfxThreadingModeNonThreaded
Direct3D:
    Version:         Direct3D 12 [level 12.1]
    Renderer:        NVIDIA GeForce RTX 3070 (ID=0x2484)
    Vendor:          NVIDIA
    VRAM:            8018 MB
    App VRAM Budget: 7250 MB
    Driver:          32.0.15.6109
Initialize mono
Mono path[0] = 'X:/Unity/6000.1.2f1/Editor/Data/Managed'
Mono path[1] = 'X:/Unity/6000.1.2f1/Editor/Data/MonoBleedingEdge/lib/mono/unityjit-win32'
Mono config path = 'X:/Unity/6000.1.2f1/Editor/Data/MonoBleedingEdge/etc'
Using monoOptions --debugger-agent=transport=dt_socket,embedding=1,server=y,suspend=n,address=127.0.0.1:56752
Begin MonoManager ReloadAssembly
Registering precompiled unity dll's ...
Register platform support module: X:/Unity/6000.1.2f1/Editor/Data/PlaybackEngines/WindowsStandaloneSupport/UnityEditor.WindowsStandalone.Extensions.dll
Registered in 0.001736 seconds.
- Loaded All Assemblies, in  0.370 seconds
Native extension for WindowsStandalone target not found
Mono: successfully reloaded assembly
- Finished resetting the current domain, in  0.321 seconds
Domain Reload Profiling: 691ms
	BeginReloadAssembly (148ms)
		ExecutionOrderSort (0ms)
		DisableScriptedObjects (0ms)
		BackupInstance (0ms)
		ReleaseScriptingObjects (0ms)
		CreateAndSetChildDomain (1ms)
	RebuildCommonClasses (34ms)
	RebuildNativeTypeToScriptingClass (12ms)
	initialDomainReloadingComplete (40ms)
	LoadAllAssembliesAndSetupDomain (135ms)
		LoadAssemblies (148ms)
		RebuildTransferFunctionScriptingTraits (0ms)
		AnalyzeDomain (132ms)
			TypeCache.Refresh (131ms)
				TypeCache.ScanAssembly (120ms)
			BuildScriptInfoCaches (0ms)
			ResolveRequiredComponents (0ms)
	FinalizeReload (322ms)
		ReleaseScriptCaches (0ms)
		RebuildScriptCaches (0ms)
		SetupLoadedEditorAssemblies (286ms)
			LogAssemblyErrors (0ms)
			InitializePlatformSupportModulesInManaged (47ms)
			SetLoadedEditorAssemblies (4ms)
			BeforeProcessingInitializeOnLoad (65ms)
			ProcessInitializeOnLoadAttributes (117ms)
			ProcessInitializeOnLoadMethodAttributes (54ms)
			AfterProcessingInitializeOnLoad (0ms)
			EditorAssembliesLoaded (0ms)
		ExecutionOrderSort2 (0ms)
		AwakeInstancesAfterBackupRestoration (0ms)
Assembly reference Packages/com.unity.cinemachine/Editor/Samples/ExposeHDRPInternals/HDRP-Editor-ref.asmref has no target assembly definition
========================================================================
Worker process is ready to serve import requests
Import Worker Mode flag is 0x00
Assembly reference Packages/com.unity.cinemachine/Editor/Samples/ExposeHDRPInternals/HDRP-Editor-ref.asmref has no target assembly definition
Assembly reference Packages/com.unity.cinemachine/Editor/Samples/ExposeHDRPInternals/HDRP-Editor-ref.asmref has no target assembly definition
Begin MonoManager ReloadAssembly
Symbol file LoadedFromMemory is not a mono symbol file
- Loaded All Assemblies, in  0.544 seconds
Assembly reference Packages/com.unity.cinemachine/Editor/Samples/ExposeHDRPInternals/HDRP-Editor-ref.asmref has no target assembly definition
'Packages/com.unity.cinemachine/Editor/Obsolete/CinemachineVirtualCameraBaseEditor.cs' contains partial class of Unity.Object, exactly 1 of the partial classes needs to be in a file with the same filename. This is to know the one that can be referenced from ie. GameObjects
'Packages/com.unity.cinemachine/Editor/Editors/CinemachineVirtualCameraBaseEditor.cs' contains partial class of Unity.Object, exactly 1 of the partial classes needs to be in a file with the same filename. This is to know the one that can be referenced from ie. GameObjects
Refreshing native plugins compatible for Editor in 0.83 ms, found 1 plugins.
Native extension for WindowsStandalone target not found
Assembly reference Packages/com.unity.cinemachine/Editor/Samples/ExposeHDRPInternals/HDRP-Editor-ref.asmref has no target assembly definition
Package Manager log level set to [2]
[Package Manager] Failed to launch server process. Reason: Unity was launched with the -noUpm command-line argument
[Package Manager] Unable to send message (not connected to server process).
[Package Manager] Cannot connect to Unity Package Manager local server
Mono: successfully reloaded assembly
- Finished resetting the current domain, in  0.423 seconds
Domain Reload Profiling: 964ms
	BeginReloadAssembly (184ms)
		ExecutionOrderSort (0ms)
		DisableScriptedObjects (5ms)
		BackupInstance (0ms)
		ReleaseScriptingObjects (0ms)
		CreateAndSetChildDomain (29ms)
	RebuildCommonClasses (35ms)
	RebuildNativeTypeToScriptingClass (11ms)
	initialDomainReloadingComplete (34ms)
	LoadAllAssembliesAndSetupDomain (277ms)
		LoadAssemblies (289ms)
		RebuildTransferFunctionScriptingTraits (0ms)
		AnalyzeDomain (100ms)
			TypeCache.Refresh (73ms)
				TypeCache.ScanAssembly (61ms)
			BuildScriptInfoCaches (23ms)
			ResolveRequiredComponents (3ms)
	FinalizeReload (423ms)
		ReleaseScriptCaches (0ms)
		RebuildScriptCaches (0ms)
		SetupLoadedEditorAssemblies (338ms)
			LogAssemblyErrors (0ms)
			InitializePlatformSupportModulesInManaged (1ms)
			SetLoadedEditorAssemblies (5ms)
			BeforeProcessingInitializeOnLoad (124ms)
			ProcessInitializeOnLoadAttributes (171ms)
			ProcessInitializeOnLoadMethodAttributes (35ms)
			AfterProcessingInitializeOnLoad (2ms)
			EditorAssembliesLoaded (0ms)
		ExecutionOrderSort2 (0ms)
		AwakeInstancesAfterBackupRestoration (6ms)
WARNING: Shader Unsupported: 'Toon/Basic Outline' - All subshaders removed
WARNING: Shader Did you use #pragma only_renderers and omit this platform?
WARNING: Shader If subshaders removal was intentional, you may have forgotten turning Fallback off?
WARNING: Shader Unsupported: 'Toon/Basic Outline' - All subshaders removed
WARNING: Shader Did you use #pragma only_renderers and omit this platform?
WARNING: Shader If subshaders removal was intentional, you may have forgotten turning Fallback off?
WARNING: Shader Unsupported: 'Toon/Lit Outline' - All subshaders removed
WARNING: Shader Did you use #pragma only_renderers and omit this platform?
WARNING: Shader If subshaders removal was intentional, you may have forgotten turning Fallback off?
WARNING: Shader Unsupported: 'Toon/Lit Outline' - All subshaders removed
WARNING: Shader Did you use #pragma only_renderers and omit this platform?
WARNING: Shader If subshaders removal was intentional, you may have forgotten turning Fallback off?
Launched and connected shader compiler UnityShaderCompiler.exe after 0.01 seconds
Refreshing native plugins compatible for Editor in 0.83 ms, found 1 plugins.
Preloading 0 native plugins for Editor in 0.00 ms.
Unloading 129 Unused Serialized files (Serialized files now loaded: 0)
Unloading 2238 unused Assets / (3.1 MB). Loaded Objects now: 2822.
Memory consumption went from 120.2 MB to 117.1 MB.
Total: 5.245600 ms (FindLiveObjects: 0.211700 ms CreateObjectMapping: 0.089600 ms MarkObjects: 4.052600 ms  DeleteObjects: 0.891000 ms)

========================================================================
Received Import Request.
  Time since last request: 262667.014090 seconds.
  path: ProjectSettings/TagManager.asset
  artifactKey: Guid(00000000000000003000000000000000) Importer(815301076,1909f56bfc062723c751e8b465ee728b)
Start importing ProjectSettings/TagManager.asset using Guid(00000000000000003000000000000000) Importer(815301076,1909f56bfc062723c751e8b465ee728b) (PreviewImporter) -> (artifact id: '0cd27ae61752e50ce1a5c1c13962919b') in 0.0229287 seconds
Number of updated asset objects reloaded before import = 0Number of asset objects unloaded after import = 0

========================================================================
Received Import Request.
  Time since last request: 169.243513 seconds.
  path: Assets/Rope.mat
  artifactKey: Guid(13b2612d6cb25e547bc4eb412e018495) Importer(815301076,1909f56bfc062723c751e8b465ee728b)
Start importing Assets/Rope.mat using Guid(13b2612d6cb25e547bc4eb412e018495) Importer(815301076,1909f56bfc062723c751e8b465ee728b) (PreviewImporter) -> (artifact id: 'a651e06b2e6b719031007b7cb54dac9c') in 0.0866648 seconds
Number of updated asset objects reloaded before import = 0Number of asset objects unloaded after import = 5

========================================================================
Received Import Request.
  Time since last request: 1.947351 seconds.
  path: Assets/Rope.mat
  artifactKey: Guid(13b2612d6cb25e547bc4eb412e018495) Importer(815301076,1909f56bfc062723c751e8b465ee728b)
Start importing Assets/Rope.mat using Guid(13b2612d6cb25e547bc4eb412e018495) Importer(815301076,1909f56bfc062723c751e8b465ee728b) (PreviewImporter) -> (artifact id: '602121d4f3de7693756f23529dc605a3') in 0.0182481 seconds
Number of updated asset objects reloaded before import = 0Number of asset objects unloaded after import = 5

========================================================================
Received Prepare
'Packages/com.unity.cinemachine/Editor/Obsolete/CinemachineVirtualCameraBaseEditor.cs' contains partial class of Unity.Object, exactly 1 of the partial classes needs to be in a file with the same filename. This is to know the one that can be referenced from ie. GameObjects
'Packages/com.unity.cinemachine/Editor/Editors/CinemachineVirtualCameraBaseEditor.cs' contains partial class of Unity.Object, exactly 1 of the partial classes needs to be in a file with the same filename. This is to know the one that can be referenced from ie. GameObjects
WARNING: Shader Unsupported: 'Toon/Basic Outline' - All subshaders removed
WARNING: Shader Did you use #pragma only_renderers and omit this platform?
WARNING: Shader If subshaders removal was intentional, you may have forgotten turning Fallback off?
WARNING: Shader Unsupported: 'Toon/Basic Outline' - All subshaders removed
WARNING: Shader Did you use #pragma only_renderers and omit this platform?
WARNING: Shader If subshaders removal was intentional, you may have forgotten turning Fallback off?
WARNING: Shader Unsupported: 'Toon/Lit Outline' - All subshaders removed
WARNING: Shader Did you use #pragma only_renderers and omit this platform?
WARNING: Shader If subshaders removal was intentional, you may have forgotten turning Fallback off?
WARNING: Shader Unsupported: 'Toon/Lit Outline' - All subshaders removed
WARNING: Shader Did you use #pragma only_renderers and omit this platform?
WARNING: Shader If subshaders removal was intentional, you may have forgotten turning Fallback off?
Refreshing native plugins compatible for Editor in 0.96 ms, found 1 plugins.
Preloading 0 native plugins for Editor in 0.00 ms.
Unloading 15 Unused Serialized files (Serialized files now loaded: 0)
Unloading 2232 unused Assets / (3.0 MB). Loaded Objects now: 2866.
Memory consumption went from 100.8 MB to 97.8 MB.
Total: 5.693400 ms (FindLiveObjects: 0.228400 ms CreateObjectMapping: 0.191300 ms MarkObjects: 4.348000 ms  DeleteObjects: 0.925100 ms)

Prepare: number of updated asset objects reloaded= 0
========================================================================
Received Prepare
'Packages/com.unity.cinemachine/Editor/Obsolete/CinemachineVirtualCameraBaseEditor.cs' contains partial class of Unity.Object, exactly 1 of the partial classes needs to be in a file with the same filename. This is to know the one that can be referenced from ie. GameObjects
'Packages/com.unity.cinemachine/Editor/Editors/CinemachineVirtualCameraBaseEditor.cs' contains partial class of Unity.Object, exactly 1 of the partial classes needs to be in a file with the same filename. This is to know the one that can be referenced from ie. GameObjects
WARNING: Shader Unsupported: 'Toon/Basic Outline' - All subshaders removed
WARNING: Shader Did you use #pragma only_renderers and omit this platform?
WARNING: Shader If subshaders removal was intentional, you may have forgotten turning Fallback off?
WARNING: Shader Unsupported: 'Toon/Basic Outline' - All subshaders removed
WARNING: Shader Did you use #pragma only_renderers and omit this platform?
WARNING: Shader If subshaders removal was intentional, you may have forgotten turning Fallback off?
WARNING: Shader Unsupported: 'Toon/Lit Outline' - All subshaders removed
WARNING: Shader Did you use #pragma only_renderers and omit this platform?
WARNING: Shader If subshaders removal was intentional, you may have forgotten turning Fallback off?
WARNING: Shader Unsupported: 'Toon/Lit Outline' - All subshaders removed
WARNING: Shader Did you use #pragma only_renderers and omit this platform?
WARNING: Shader If subshaders removal was intentional, you may have forgotten turning Fallback off?
Refreshing native plugins compatible for Editor in 0.90 ms, found 1 plugins.
Preloading 0 native plugins for Editor in 0.00 ms.
Unloading 15 Unused Serialized files (Serialized files now loaded: 0)
Unloading 2231 unused Assets / (3.1 MB). Loaded Objects now: 2866.
Memory consumption went from 102.9 MB to 99.7 MB.
Total: 6.451500 ms (FindLiveObjects: 0.346900 ms CreateObjectMapping: 0.282900 ms MarkObjects: 4.721900 ms  DeleteObjects: 1.098900 ms)

Prepare: number of updated asset objects reloaded= 0
========================================================================
Received Prepare
'Packages/com.unity.cinemachine/Editor/Obsolete/CinemachineVirtualCameraBaseEditor.cs' contains partial class of Unity.Object, exactly 1 of the partial classes needs to be in a file with the same filename. This is to know the one that can be referenced from ie. GameObjects
'Packages/com.unity.cinemachine/Editor/Editors/CinemachineVirtualCameraBaseEditor.cs' contains partial class of Unity.Object, exactly 1 of the partial classes needs to be in a file with the same filename. This is to know the one that can be referenced from ie. GameObjects
WARNING: Shader Unsupported: 'Toon/Basic Outline' - All subshaders removed
WARNING: Shader Did you use #pragma only_renderers and omit this platform?
WARNING: Shader If subshaders removal was intentional, you may have forgotten turning Fallback off?
WARNING: Shader Unsupported: 'Toon/Basic Outline' - All subshaders removed
WARNING: Shader Did you use #pragma only_renderers and omit this platform?
WARNING: Shader If subshaders removal was intentional, you may have forgotten turning Fallback off?
WARNING: Shader Unsupported: 'Toon/Lit Outline' - All subshaders removed
WARNING: Shader Did you use #pragma only_renderers and omit this platform?
WARNING: Shader If subshaders removal was intentional, you may have forgotten turning Fallback off?
WARNING: Shader Unsupported: 'Toon/Lit Outline' - All subshaders removed
WARNING: Shader Did you use #pragma only_renderers and omit this platform?
WARNING: Shader If subshaders removal was intentional, you may have forgotten turning Fallback off?
Refreshing native plugins compatible for Editor in 0.75 ms, found 1 plugins.
Preloading 0 native plugins for Editor in 0.00 ms.
Unloading 15 Unused Serialized files (Serialized files now loaded: 0)
Unloading 2231 unused Assets / (3.0 MB). Loaded Objects now: 2866.
Memory consumption went from 104.9 MB to 101.9 MB.
Total: 6.378900 ms (FindLiveObjects: 0.221200 ms CreateObjectMapping: 0.227200 ms MarkObjects: 4.950300 ms  DeleteObjects: 0.979600 ms)

Prepare: number of updated asset objects reloaded= 0
========================================================================
Received Prepare
'Packages/com.unity.cinemachine/Editor/Obsolete/CinemachineVirtualCameraBaseEditor.cs' contains partial class of Unity.Object, exactly 1 of the partial classes needs to be in a file with the same filename. This is to know the one that can be referenced from ie. GameObjects
'Packages/com.unity.cinemachine/Editor/Editors/CinemachineVirtualCameraBaseEditor.cs' contains partial class of Unity.Object, exactly 1 of the partial classes needs to be in a file with the same filename. This is to know the one that can be referenced from ie. GameObjects
WARNING: Shader Unsupported: 'Toon/Basic Outline' - All subshaders removed
WARNING: Shader Did you use #pragma only_renderers and omit this platform?
WARNING: Shader If subshaders removal was intentional, you may have forgotten turning Fallback off?
WARNING: Shader Unsupported: 'Toon/Basic Outline' - All subshaders removed
WARNING: Shader Did you use #pragma only_renderers and omit this platform?
WARNING: Shader If subshaders removal was intentional, you may have forgotten turning Fallback off?
WARNING: Shader Unsupported: 'Toon/Lit Outline' - All subshaders removed
WARNING: Shader Did you use #pragma only_renderers and omit this platform?
WARNING: Shader If subshaders removal was intentional, you may have forgotten turning Fallback off?
WARNING: Shader Unsupported: 'Toon/Lit Outline' - All subshaders removed
WARNING: Shader Did you use #pragma only_renderers and omit this platform?
WARNING: Shader If subshaders removal was intentional, you may have forgotten turning Fallback off?
Refreshing native plugins compatible for Editor in 0.83 ms, found 1 plugins.
Preloading 0 native plugins for Editor in 0.00 ms.
Unloading 15 Unused Serialized files (Serialized files now loaded: 0)
Unloading 2231 unused Assets / (3.0 MB). Loaded Objects now: 2866.
Memory consumption went from 107.0 MB to 104.0 MB.
Total: 5.791500 ms (FindLiveObjects: 0.225600 ms CreateObjectMapping: 0.190000 ms MarkObjects: 4.333100 ms  DeleteObjects: 1.042000 ms)

Prepare: number of updated asset objects reloaded= 0
========================================================================
Received Prepare
'Packages/com.unity.cinemachine/Editor/Obsolete/CinemachineVirtualCameraBaseEditor.cs' contains partial class of Unity.Object, exactly 1 of the partial classes needs to be in a file with the same filename. This is to know the one that can be referenced from ie. GameObjects
'Packages/com.unity.cinemachine/Editor/Editors/CinemachineVirtualCameraBaseEditor.cs' contains partial class of Unity.Object, exactly 1 of the partial classes needs to be in a file with the same filename. This is to know the one that can be referenced from ie. GameObjects
WARNING: Shader Unsupported: 'Toon/Basic Outline' - All subshaders removed
WARNING: Shader Did you use #pragma only_renderers and omit this platform?
WARNING: Shader If subshaders removal was intentional, you may have forgotten turning Fallback off?
WARNING: Shader Unsupported: 'Toon/Basic Outline' - All subshaders removed
WARNING: Shader Did you use #pragma only_renderers and omit this platform?
WARNING: Shader If subshaders removal was intentional, you may have forgotten turning Fallback off?
WARNING: Shader Unsupported: 'Toon/Lit Outline' - All subshaders removed
WARNING: Shader Did you use #pragma only_renderers and omit this platform?
WARNING: Shader If subshaders removal was intentional, you may have forgotten turning Fallback off?
WARNING: Shader Unsupported: 'Toon/Lit Outline' - All subshaders removed
WARNING: Shader Did you use #pragma only_renderers and omit this platform?
WARNING: Shader If subshaders removal was intentional, you may have forgotten turning Fallback off?
Refreshing native plugins compatible for Editor in 0.80 ms, found 1 plugins.
Preloading 0 native plugins for Editor in 0.00 ms.
Unloading 15 Unused Serialized files (Serialized files now loaded: 0)
Unloading 2231 unused Assets / (3.0 MB). Loaded Objects now: 2866.
Memory consumption went from 109.1 MB to 106.1 MB.
Total: 5.300500 ms (FindLiveObjects: 0.228100 ms CreateObjectMapping: 0.183800 ms MarkObjects: 3.940600 ms  DeleteObjects: 0.947400 ms)

Prepare: number of updated asset objects reloaded= 0
========================================================================
Received Prepare
'Packages/com.unity.cinemachine/Editor/Obsolete/CinemachineVirtualCameraBaseEditor.cs' contains partial class of Unity.Object, exactly 1 of the partial classes needs to be in a file with the same filename. This is to know the one that can be referenced from ie. GameObjects
'Packages/com.unity.cinemachine/Editor/Editors/CinemachineVirtualCameraBaseEditor.cs' contains partial class of Unity.Object, exactly 1 of the partial classes needs to be in a file with the same filename. This is to know the one that can be referenced from ie. GameObjects
WARNING: Shader Unsupported: 'Toon/Basic Outline' - All subshaders removed
WARNING: Shader Did you use #pragma only_renderers and omit this platform?
WARNING: Shader If subshaders removal was intentional, you may have forgotten turning Fallback off?
WARNING: Shader Unsupported: 'Toon/Basic Outline' - All subshaders removed
WARNING: Shader Did you use #pragma only_renderers and omit this platform?
WARNING: Shader If subshaders removal was intentional, you may have forgotten turning Fallback off?
WARNING: Shader Unsupported: 'Toon/Lit Outline' - All subshaders removed
WARNING: Shader Did you use #pragma only_renderers and omit this platform?
WARNING: Shader If subshaders removal was intentional, you may have forgotten turning Fallback off?
WARNING: Shader Unsupported: 'Toon/Lit Outline' - All subshaders removed
WARNING: Shader Did you use #pragma only_renderers and omit this platform?
WARNING: Shader If subshaders removal was intentional, you may have forgotten turning Fallback off?
Refreshing native plugins compatible for Editor in 1.10 ms, found 1 plugins.
Preloading 0 native plugins for Editor in 0.00 ms.
Unloading 15 Unused Serialized files (Serialized files now loaded: 0)
Unloading 2231 unused Assets / (3.3 MB). Loaded Objects now: 2866.
Memory consumption went from 111.1 MB to 107.8 MB.
Total: 7.334900 ms (FindLiveObjects: 0.482000 ms CreateObjectMapping: 0.332200 ms MarkObjects: 5.241200 ms  DeleteObjects: 1.278700 ms)

Prepare: number of updated asset objects reloaded= 0
========================================================================
Received Prepare
'Packages/com.unity.cinemachine/Editor/Obsolete/CinemachineVirtualCameraBaseEditor.cs' contains partial class of Unity.Object, exactly 1 of the partial classes needs to be in a file with the same filename. This is to know the one that can be referenced from ie. GameObjects
'Packages/com.unity.cinemachine/Editor/Editors/CinemachineVirtualCameraBaseEditor.cs' contains partial class of Unity.Object, exactly 1 of the partial classes needs to be in a file with the same filename. This is to know the one that can be referenced from ie. GameObjects
WARNING: Shader Unsupported: 'Toon/Basic Outline' - All subshaders removed
WARNING: Shader Did you use #pragma only_renderers and omit this platform?
WARNING: Shader If subshaders removal was intentional, you may have forgotten turning Fallback off?
WARNING: Shader Unsupported: 'Toon/Basic Outline' - All subshaders removed
WARNING: Shader Did you use #pragma only_renderers and omit this platform?
WARNING: Shader If subshaders removal was intentional, you may have forgotten turning Fallback off?
WARNING: Shader Unsupported: 'Toon/Lit Outline' - All subshaders removed
WARNING: Shader Did you use #pragma only_renderers and omit this platform?
WARNING: Shader If subshaders removal was intentional, you may have forgotten turning Fallback off?
WARNING: Shader Unsupported: 'Toon/Lit Outline' - All subshaders removed
WARNING: Shader Did you use #pragma only_renderers and omit this platform?
WARNING: Shader If subshaders removal was intentional, you may have forgotten turning Fallback off?
Refreshing native plugins compatible for Editor in 0.75 ms, found 1 plugins.
Preloading 0 native plugins for Editor in 0.00 ms.
Unloading 15 Unused Serialized files (Serialized files now loaded: 0)
Unloading 2232 unused Assets / (3.2 MB). Loaded Objects now: 2867.
Memory consumption went from 113.2 MB to 110.0 MB.
Total: 5.835200 ms (FindLiveObjects: 0.228400 ms CreateObjectMapping: 0.096600 ms MarkObjects: 4.224800 ms  DeleteObjects: 1.284900 ms)

Prepare: number of updated asset objects reloaded= 0
========================================================================
Received Import Request.
  Time since last request: 330.941578 seconds.
  path: Assets/RopeLink.cs
  artifactKey: Guid(bfdadef06e763eb43b962e636279f0f8) Importer(815301076,1909f56bfc062723c751e8b465ee728b)
Start importing Assets/RopeLink.cs using Guid(bfdadef06e763eb43b962e636279f0f8) Importer(815301076,1909f56bfc062723c751e8b465ee728b) (PreviewImporter) -> (artifact id: 'c642cc93e160acf356b3c4774b707553') in 0.0007767 seconds
Number of updated asset objects reloaded before import = 0Number of asset objects unloaded after import = 0

========================================================================
Received Prepare
'Packages/com.unity.cinemachine/Editor/Obsolete/CinemachineVirtualCameraBaseEditor.cs' contains partial class of Unity.Object, exactly 1 of the partial classes needs to be in a file with the same filename. This is to know the one that can be referenced from ie. GameObjects
'Packages/com.unity.cinemachine/Editor/Editors/CinemachineVirtualCameraBaseEditor.cs' contains partial class of Unity.Object, exactly 1 of the partial classes needs to be in a file with the same filename. This is to know the one that can be referenced from ie. GameObjects
WARNING: Shader Unsupported: 'Toon/Basic Outline' - All subshaders removed
WARNING: Shader Did you use #pragma only_renderers and omit this platform?
WARNING: Shader If subshaders removal was intentional, you may have forgotten turning Fallback off?
WARNING: Shader Unsupported: 'Toon/Basic Outline' - All subshaders removed
WARNING: Shader Did you use #pragma only_renderers and omit this platform?
WARNING: Shader If subshaders removal was intentional, you may have forgotten turning Fallback off?
WARNING: Shader Unsupported: 'Toon/Lit Outline' - All subshaders removed
WARNING: Shader Did you use #pragma only_renderers and omit this platform?
WARNING: Shader If subshaders removal was intentional, you may have forgotten turning Fallback off?
WARNING: Shader Unsupported: 'Toon/Lit Outline' - All subshaders removed
WARNING: Shader Did you use #pragma only_renderers and omit this platform?
WARNING: Shader If subshaders removal was intentional, you may have forgotten turning Fallback off?
Refreshing native plugins compatible for Editor in 1.02 ms, found 1 plugins.
Preloading 0 native plugins for Editor in 0.00 ms.
Unloading 15 Unused Serialized files (Serialized files now loaded: 0)
Unloading 2232 unused Assets / (2.9 MB). Loaded Objects now: 2867.
Memory consumption went from 101.0 MB to 98.1 MB.
Total: 5.726600 ms (FindLiveObjects: 0.235200 ms CreateObjectMapping: 0.230500 ms MarkObjects: 4.076400 ms  DeleteObjects: 1.183600 ms)

Prepare: number of updated asset objects reloaded= 0
========================================================================
Received Prepare
'Packages/com.unity.cinemachine/Editor/Obsolete/CinemachineVirtualCameraBaseEditor.cs' contains partial class of Unity.Object, exactly 1 of the partial classes needs to be in a file with the same filename. This is to know the one that can be referenced from ie. GameObjects
'Packages/com.unity.cinemachine/Editor/Editors/CinemachineVirtualCameraBaseEditor.cs' contains partial class of Unity.Object, exactly 1 of the partial classes needs to be in a file with the same filename. This is to know the one that can be referenced from ie. GameObjects
WARNING: Shader Unsupported: 'Toon/Basic Outline' - All subshaders removed
WARNING: Shader Did you use #pragma only_renderers and omit this platform?
WARNING: Shader If subshaders removal was intentional, you may have forgotten turning Fallback off?
WARNING: Shader Unsupported: 'Toon/Basic Outline' - All subshaders removed
WARNING: Shader Did you use #pragma only_renderers and omit this platform?
WARNING: Shader If subshaders removal was intentional, you may have forgotten turning Fallback off?
WARNING: Shader Unsupported: 'Toon/Lit Outline' - All subshaders removed
WARNING: Shader Did you use #pragma only_renderers and omit this platform?
WARNING: Shader If subshaders removal was intentional, you may have forgotten turning Fallback off?
WARNING: Shader Unsupported: 'Toon/Lit Outline' - All subshaders removed
WARNING: Shader Did you use #pragma only_renderers and omit this platform?
WARNING: Shader If subshaders removal was intentional, you may have forgotten turning Fallback off?
Refreshing native plugins compatible for Editor in 1.01 ms, found 1 plugins.
Preloading 0 native plugins for Editor in 0.00 ms.
Unloading 15 Unused Serialized files (Serialized files now loaded: 0)
Unloading 2232 unused Assets / (2.9 MB). Loaded Objects now: 2867.
Memory consumption went from 103.0 MB to 100.1 MB.
Total: 6.346700 ms (FindLiveObjects: 0.252000 ms CreateObjectMapping: 0.206500 ms MarkObjects: 4.706900 ms  DeleteObjects: 1.180300 ms)

Prepare: number of updated asset objects reloaded= 0
========================================================================
Received Import Request.
  Time since last request: 13.306899 seconds.
  path: Assets/RopeLink.cs
  artifactKey: Guid(bfdadef06e763eb43b962e636279f0f8) Importer(815301076,1909f56bfc062723c751e8b465ee728b)
Start importing Assets/RopeLink.cs using Guid(bfdadef06e763eb43b962e636279f0f8) Importer(815301076,1909f56bfc062723c751e8b465ee728b) (PreviewImporter) -> (artifact id: '7f24ae2dbee56f2961cec74d739f02de') in 0.0005328 seconds
Number of updated asset objects reloaded before import = 0Number of asset objects unloaded after import = 0

========================================================================
Received Prepare
'Packages/com.unity.cinemachine/Editor/Obsolete/CinemachineVirtualCameraBaseEditor.cs' contains partial class of Unity.Object, exactly 1 of the partial classes needs to be in a file with the same filename. This is to know the one that can be referenced from ie. GameObjects
'Packages/com.unity.cinemachine/Editor/Editors/CinemachineVirtualCameraBaseEditor.cs' contains partial class of Unity.Object, exactly 1 of the partial classes needs to be in a file with the same filename. This is to know the one that can be referenced from ie. GameObjects
WARNING: Shader Unsupported: 'Toon/Basic Outline' - All subshaders removed
WARNING: Shader Did you use #pragma only_renderers and omit this platform?
WARNING: Shader If subshaders removal was intentional, you may have forgotten turning Fallback off?
WARNING: Shader Unsupported: 'Toon/Basic Outline' - All subshaders removed
WARNING: Shader Did you use #pragma only_renderers and omit this platform?
WARNING: Shader If subshaders removal was intentional, you may have forgotten turning Fallback off?
WARNING: Shader Unsupported: 'Toon/Lit Outline' - All subshaders removed
WARNING: Shader Did you use #pragma only_renderers and omit this platform?
WARNING: Shader If subshaders removal was intentional, you may have forgotten turning Fallback off?
WARNING: Shader Unsupported: 'Toon/Lit Outline' - All subshaders removed
WARNING: Shader Did you use #pragma only_renderers and omit this platform?
WARNING: Shader If subshaders removal was intentional, you may have forgotten turning Fallback off?
Refreshing native plugins compatible for Editor in 0.80 ms, found 1 plugins.
Preloading 0 native plugins for Editor in 0.00 ms.
Unloading 15 Unused Serialized files (Serialized files now loaded: 0)
Unloading 2232 unused Assets / (3.0 MB). Loaded Objects now: 2867.
Memory consumption went from 100.9 MB to 98.0 MB.
Total: 7.068400 ms (FindLiveObjects: 0.245300 ms CreateObjectMapping: 0.227200 ms MarkObjects: 5.597700 ms  DeleteObjects: 0.997700 ms)

Prepare: number of updated asset objects reloaded= 0
========================================================================
Received Prepare
'Packages/com.unity.cinemachine/Editor/Obsolete/CinemachineVirtualCameraBaseEditor.cs' contains partial class of Unity.Object, exactly 1 of the partial classes needs to be in a file with the same filename. This is to know the one that can be referenced from ie. GameObjects
'Packages/com.unity.cinemachine/Editor/Editors/CinemachineVirtualCameraBaseEditor.cs' contains partial class of Unity.Object, exactly 1 of the partial classes needs to be in a file with the same filename. This is to know the one that can be referenced from ie. GameObjects
WARNING: Shader Unsupported: 'Toon/Basic Outline' - All subshaders removed
WARNING: Shader Did you use #pragma only_renderers and omit this platform?
WARNING: Shader If subshaders removal was intentional, you may have forgotten turning Fallback off?
WARNING: Shader Unsupported: 'Toon/Basic Outline' - All subshaders removed
WARNING: Shader Did you use #pragma only_renderers and omit this platform?
WARNING: Shader If subshaders removal was intentional, you may have forgotten turning Fallback off?
WARNING: Shader Unsupported: 'Toon/Lit Outline' - All subshaders removed
WARNING: Shader Did you use #pragma only_renderers and omit this platform?
WARNING: Shader If subshaders removal was intentional, you may have forgotten turning Fallback off?
WARNING: Shader Unsupported: 'Toon/Lit Outline' - All subshaders removed
WARNING: Shader Did you use #pragma only_renderers and omit this platform?
WARNING: Shader If subshaders removal was intentional, you may have forgotten turning Fallback off?
Refreshing native plugins compatible for Editor in 0.96 ms, found 1 plugins.
Preloading 0 native plugins for Editor in 0.00 ms.
Unloading 15 Unused Serialized files (Serialized files now loaded: 0)
Unloading 2232 unused Assets / (3.1 MB). Loaded Objects now: 2867.
Memory consumption went from 103.0 MB to 99.9 MB.
Total: 5.513900 ms (FindLiveObjects: 0.226700 ms CreateObjectMapping: 0.191400 ms MarkObjects: 4.074300 ms  DeleteObjects: 1.020700 ms)

Prepare: number of updated asset objects reloaded= 0
========================================================================
Received Prepare
'Packages/com.unity.cinemachine/Editor/Obsolete/CinemachineVirtualCameraBaseEditor.cs' contains partial class of Unity.Object, exactly 1 of the partial classes needs to be in a file with the same filename. This is to know the one that can be referenced from ie. GameObjects
'Packages/com.unity.cinemachine/Editor/Editors/CinemachineVirtualCameraBaseEditor.cs' contains partial class of Unity.Object, exactly 1 of the partial classes needs to be in a file with the same filename. This is to know the one that can be referenced from ie. GameObjects
WARNING: Shader Unsupported: 'Toon/Basic Outline' - All subshaders removed
WARNING: Shader Did you use #pragma only_renderers and omit this platform?
WARNING: Shader If subshaders removal was intentional, you may have forgotten turning Fallback off?
WARNING: Shader Unsupported: 'Toon/Basic Outline' - All subshaders removed
WARNING: Shader Did you use #pragma only_renderers and omit this platform?
WARNING: Shader If subshaders removal was intentional, you may have forgotten turning Fallback off?
WARNING: Shader Unsupported: 'Toon/Lit Outline' - All subshaders removed
WARNING: Shader Did you use #pragma only_renderers and omit this platform?
WARNING: Shader If subshaders removal was intentional, you may have forgotten turning Fallback off?
WARNING: Shader Unsupported: 'Toon/Lit Outline' - All subshaders removed
WARNING: Shader Did you use #pragma only_renderers and omit this platform?
WARNING: Shader If subshaders removal was intentional, you may have forgotten turning Fallback off?
Refreshing native plugins compatible for Editor in 0.86 ms, found 1 plugins.
Preloading 0 native plugins for Editor in 0.00 ms.
Unloading 15 Unused Serialized files (Serialized files now loaded: 0)
Unloading 2232 unused Assets / (3.1 MB). Loaded Objects now: 2867.
Memory consumption went from 105.0 MB to 101.9 MB.
Total: 5.953300 ms (FindLiveObjects: 0.232300 ms CreateObjectMapping: 0.188400 ms MarkObjects: 4.440200 ms  DeleteObjects: 1.091800 ms)

Prepare: number of updated asset objects reloaded= 0
========================================================================
Received Prepare
Assembly reference Packages/com.unity.cinemachine/Editor/Samples/ExposeHDRPInternals/HDRP-Editor-ref.asmref has no target assembly definition
Assembly reference Packages/com.unity.cinemachine/Editor/Samples/ExposeHDRPInternals/HDRP-Editor-ref.asmref has no target assembly definition
Begin MonoManager ReloadAssembly
Symbol file LoadedFromMemory is not a mono symbol file
- Loaded All Assemblies, in  0.589 seconds
Assembly reference Packages/com.unity.cinemachine/Editor/Samples/ExposeHDRPInternals/HDRP-Editor-ref.asmref has no target assembly definition
'Packages/com.unity.cinemachine/Editor/Obsolete/CinemachineVirtualCameraBaseEditor.cs' contains partial class of Unity.Object, exactly 1 of the partial classes needs to be in a file with the same filename. This is to know the one that can be referenced from ie. GameObjects
'Packages/com.unity.cinemachine/Editor/Editors/CinemachineVirtualCameraBaseEditor.cs' contains partial class of Unity.Object, exactly 1 of the partial classes needs to be in a file with the same filename. This is to know the one that can be referenced from ie. GameObjects
Refreshing native plugins compatible for Editor in 1.25 ms, found 1 plugins.
Native extension for WindowsStandalone target not found
Assembly reference Packages/com.unity.cinemachine/Editor/Samples/ExposeHDRPInternals/HDRP-Editor-ref.asmref has no target assembly definition
[Package Manager] Failed to launch server process. Reason: Unity was launched with the -noUpm command-line argument
[Package Manager] Unable to send message (not connected to server process).
[Package Manager] Cannot connect to Unity Package Manager local server
Mono: successfully reloaded assembly
- Finished resetting the current domain, in  0.520 seconds
Domain Reload Profiling: 1108ms
	BeginReloadAssembly (226ms)
		ExecutionOrderSort (0ms)
		DisableScriptedObjects (19ms)
		BackupInstance (0ms)
		ReleaseScriptingObjects (0ms)
		CreateAndSetChildDomain (38ms)
	RebuildCommonClasses (37ms)
	RebuildNativeTypeToScriptingClass (12ms)
	initialDomainReloadingComplete (29ms)
	LoadAllAssembliesAndSetupDomain (284ms)
		LoadAssemblies (316ms)
		RebuildTransferFunctionScriptingTraits (0ms)
		AnalyzeDomain (89ms)
			TypeCache.Refresh (6ms)
				TypeCache.ScanAssembly (0ms)
			BuildScriptInfoCaches (76ms)
			ResolveRequiredComponents (5ms)
	FinalizeReload (520ms)
		ReleaseScriptCaches (0ms)
		RebuildScriptCaches (0ms)
		SetupLoadedEditorAssemblies (386ms)
			LogAssemblyErrors (0ms)
			InitializePlatformSupportModulesInManaged (2ms)
			SetLoadedEditorAssemblies (6ms)
			BeforeProcessingInitializeOnLoad (145ms)
			ProcessInitializeOnLoadAttributes (184ms)
			ProcessInitializeOnLoadMethodAttributes (47ms)
			AfterProcessingInitializeOnLoad (2ms)
			EditorAssembliesLoaded (0ms)
		ExecutionOrderSort2 (0ms)
		AwakeInstancesAfterBackupRestoration (12ms)
WARNING: Shader Unsupported: 'Toon/Basic Outline' - All subshaders removed
WARNING: Shader Did you use #pragma only_renderers and omit this platform?
WARNING: Shader If subshaders removal was intentional, you may have forgotten turning Fallback off?
WARNING: Shader Unsupported: 'Toon/Basic Outline' - All subshaders removed
WARNING: Shader Did you use #pragma only_renderers and omit this platform?
WARNING: Shader If subshaders removal was intentional, you may have forgotten turning Fallback off?
WARNING: Shader Unsupported: 'Toon/Lit Outline' - All subshaders removed
WARNING: Shader Did you use #pragma only_renderers and omit this platform?
WARNING: Shader If subshaders removal was intentional, you may have forgotten turning Fallback off?
WARNING: Shader Unsupported: 'Toon/Lit Outline' - All subshaders removed
WARNING: Shader Did you use #pragma only_renderers and omit this platform?
WARNING: Shader If subshaders removal was intentional, you may have forgotten turning Fallback off?
Refreshing native plugins compatible for Editor in 0.99 ms, found 1 plugins.
Preloading 0 native plugins for Editor in 0.00 ms.
Unloading 15 Unused Serialized files (Serialized files now loaded: 0)
Unloading 2237 unused Assets / (3.2 MB). Loaded Objects now: 2869.
Memory consumption went from 107.7 MB to 104.5 MB.
Total: 6.052900 ms (FindLiveObjects: 0.268100 ms CreateObjectMapping: 0.296700 ms MarkObjects: 4.279300 ms  DeleteObjects: 1.208000 ms)

Prepare: number of updated asset objects reloaded= 0
========================================================================
Received Import Request.
  Time since last request: 155.592282 seconds.
  path: Assets/RopeLink.cs
  artifactKey: Guid(bfdadef06e763eb43b962e636279f0f8) Importer(815301076,1909f56bfc062723c751e8b465ee728b)
Start importing Assets/RopeLink.cs using Guid(bfdadef06e763eb43b962e636279f0f8) Importer(815301076,1909f56bfc062723c751e8b465ee728b) (PreviewImporter) -> (artifact id: '38359738b25f48f725f5a9ce39633e2b') in 0.0014501 seconds
Number of updated asset objects reloaded before import = 0Number of asset objects unloaded after import = 0

========================================================================
Received Import Request.
  Time since last request: 3.653405 seconds.
  path: Assets/RopeSegment.prefab
  artifactKey: Guid(5e21f20c33a369949bebf56754d7ccb3) Importer(815301076,1909f56bfc062723c751e8b465ee728b)
Start importing Assets/RopeSegment.prefab using Guid(5e21f20c33a369949bebf56754d7ccb3) Importer(815301076,1909f56bfc062723c751e8b465ee728b) (PreviewImporter) -> (artifact id: '99e19c7ad9aeeed77ef9f1e52fbcb1d1') in 0.118489 seconds
Number of updated asset objects reloaded before import = 0Number of asset objects unloaded after import = 20

========================================================================
Received Import Request.
  Time since last request: 40.000917 seconds.
  path: Assets/RopeSegment.prefab
  artifactKey: Guid(5e21f20c33a369949bebf56754d7ccb3) Importer(815301076,1909f56bfc062723c751e8b465ee728b)
Start importing Assets/RopeSegment.prefab using Guid(5e21f20c33a369949bebf56754d7ccb3) Importer(815301076,1909f56bfc062723c751e8b465ee728b) (PreviewImporter) -> (artifact id: 'c89db8d781791513aca7b9b12ef72052') in 0.0129166 seconds
Number of updated asset objects reloaded before import = 0Number of asset objects unloaded after import = 20

========================================================================
Received Prepare
'Packages/com.unity.cinemachine/Editor/Obsolete/CinemachineVirtualCameraBaseEditor.cs' contains partial class of Unity.Object, exactly 1 of the partial classes needs to be in a file with the same filename. This is to know the one that can be referenced from ie. GameObjects
'Packages/com.unity.cinemachine/Editor/Editors/CinemachineVirtualCameraBaseEditor.cs' contains partial class of Unity.Object, exactly 1 of the partial classes needs to be in a file with the same filename. This is to know the one that can be referenced from ie. GameObjects
WARNING: Shader Unsupported: 'Toon/Basic Outline' - All subshaders removed
WARNING: Shader Did you use #pragma only_renderers and omit this platform?
WARNING: Shader If subshaders removal was intentional, you may have forgotten turning Fallback off?
WARNING: Shader Unsupported: 'Toon/Basic Outline' - All subshaders removed
WARNING: Shader Did you use #pragma only_renderers and omit this platform?
WARNING: Shader If subshaders removal was intentional, you may have forgotten turning Fallback off?
WARNING: Shader Unsupported: 'Toon/Lit Outline' - All subshaders removed
WARNING: Shader Did you use #pragma only_renderers and omit this platform?
WARNING: Shader If subshaders removal was intentional, you may have forgotten turning Fallback off?
WARNING: Shader Unsupported: 'Toon/Lit Outline' - All subshaders removed
WARNING: Shader Did you use #pragma only_renderers and omit this platform?
WARNING: Shader If subshaders removal was intentional, you may have forgotten turning Fallback off?
Refreshing native plugins compatible for Editor in 1.15 ms, found 1 plugins.
Preloading 0 native plugins for Editor in 0.00 ms.
Unloading 15 Unused Serialized files (Serialized files now loaded: 0)
Unloading 2233 unused Assets / (2.4 MB). Loaded Objects now: 2871.
Memory consumption went from 101.9 MB to 99.5 MB.
Total: 6.940900 ms (FindLiveObjects: 0.259900 ms CreateObjectMapping: 0.264100 ms MarkObjects: 5.326100 ms  DeleteObjects: 1.089400 ms)

Prepare: number of updated asset objects reloaded= 0
========================================================================
Received Prepare
Assembly reference Packages/com.unity.cinemachine/Editor/Samples/ExposeHDRPInternals/HDRP-Editor-ref.asmref has no target assembly definition
Assembly reference Packages/com.unity.cinemachine/Editor/Samples/ExposeHDRPInternals/HDRP-Editor-ref.asmref has no target assembly definition
Begin MonoManager ReloadAssembly
Symbol file LoadedFromMemory is not a mono symbol file
- Loaded All Assemblies, in  0.573 seconds
Assembly reference Packages/com.unity.cinemachine/Editor/Samples/ExposeHDRPInternals/HDRP-Editor-ref.asmref has no target assembly definition
'Packages/com.unity.cinemachine/Editor/Obsolete/CinemachineVirtualCameraBaseEditor.cs' contains partial class of Unity.Object, exactly 1 of the partial classes needs to be in a file with the same filename. This is to know the one that can be referenced from ie. GameObjects
'Packages/com.unity.cinemachine/Editor/Editors/CinemachineVirtualCameraBaseEditor.cs' contains partial class of Unity.Object, exactly 1 of the partial classes needs to be in a file with the same filename. This is to know the one that can be referenced from ie. GameObjects
Refreshing native plugins compatible for Editor in 1.06 ms, found 1 plugins.
Native extension for WindowsStandalone target not found
Assembly reference Packages/com.unity.cinemachine/Editor/Samples/ExposeHDRPInternals/HDRP-Editor-ref.asmref has no target assembly definition
[Package Manager] Failed to launch server process. Reason: Unity was launched with the -noUpm command-line argument
[Package Manager] Unable to send message (not connected to server process).
[Package Manager] Cannot connect to Unity Package Manager local server
Mono: successfully reloaded assembly
- Finished resetting the current domain, in  0.596 seconds
Domain Reload Profiling: 1168ms
	BeginReloadAssembly (237ms)
		ExecutionOrderSort (0ms)
		DisableScriptedObjects (18ms)
		BackupInstance (0ms)
		ReleaseScriptingObjects (0ms)
		CreateAndSetChildDomain (40ms)
	RebuildCommonClasses (44ms)
	RebuildNativeTypeToScriptingClass (13ms)
	initialDomainReloadingComplete (30ms)
	LoadAllAssembliesAndSetupDomain (247ms)
		LoadAssemblies (302ms)
		RebuildTransferFunctionScriptingTraits (0ms)
		AnalyzeDomain (79ms)
			TypeCache.Refresh (5ms)
				TypeCache.ScanAssembly (0ms)
			BuildScriptInfoCaches (69ms)
			ResolveRequiredComponents (3ms)
	FinalizeReload (597ms)
		ReleaseScriptCaches (0ms)
		RebuildScriptCaches (0ms)
		SetupLoadedEditorAssemblies (465ms)
			LogAssemblyErrors (0ms)
			InitializePlatformSupportModulesInManaged (2ms)
			SetLoadedEditorAssemblies (8ms)
			BeforeProcessingInitializeOnLoad (186ms)
			ProcessInitializeOnLoadAttributes (219ms)
			ProcessInitializeOnLoadMethodAttributes (47ms)
			AfterProcessingInitializeOnLoad (2ms)
			EditorAssembliesLoaded (0ms)
		ExecutionOrderSort2 (0ms)
		AwakeInstancesAfterBackupRestoration (9ms)
WARNING: Shader Unsupported: 'Toon/Basic Outline' - All subshaders removed
WARNING: Shader Did you use #pragma only_renderers and omit this platform?
WARNING: Shader If subshaders removal was intentional, you may have forgotten turning Fallback off?
WARNING: Shader Unsupported: 'Toon/Basic Outline' - All subshaders removed
WARNING: Shader Did you use #pragma only_renderers and omit this platform?
WARNING: Shader If subshaders removal was intentional, you may have forgotten turning Fallback off?
WARNING: Shader Unsupported: 'Toon/Lit Outline' - All subshaders removed
WARNING: Shader Did you use #pragma only_renderers and omit this platform?
WARNING: Shader If subshaders removal was intentional, you may have forgotten turning Fallback off?
WARNING: Shader Unsupported: 'Toon/Lit Outline' - All subshaders removed
WARNING: Shader Did you use #pragma only_renderers and omit this platform?
WARNING: Shader If subshaders removal was intentional, you may have forgotten turning Fallback off?
Refreshing native plugins compatible for Editor in 0.93 ms, found 1 plugins.
Preloading 0 native plugins for Editor in 0.00 ms.
Unloading 15 Unused Serialized files (Serialized files now loaded: 0)
Unloading 2237 unused Assets / (2.8 MB). Loaded Objects now: 2872.
Memory consumption went from 103.7 MB to 100.9 MB.
Total: 5.574700 ms (FindLiveObjects: 0.243100 ms CreateObjectMapping: 0.207100 ms MarkObjects: 3.996000 ms  DeleteObjects: 1.127900 ms)

Prepare: number of updated asset objects reloaded= 0
========================================================================
Received Prepare
'Packages/com.unity.cinemachine/Editor/Obsolete/CinemachineVirtualCameraBaseEditor.cs' contains partial class of Unity.Object, exactly 1 of the partial classes needs to be in a file with the same filename. This is to know the one that can be referenced from ie. GameObjects
'Packages/com.unity.cinemachine/Editor/Editors/CinemachineVirtualCameraBaseEditor.cs' contains partial class of Unity.Object, exactly 1 of the partial classes needs to be in a file with the same filename. This is to know the one that can be referenced from ie. GameObjects
WARNING: Shader Unsupported: 'Toon/Basic Outline' - All subshaders removed
WARNING: Shader Did you use #pragma only_renderers and omit this platform?
WARNING: Shader If subshaders removal was intentional, you may have forgotten turning Fallback off?
WARNING: Shader Unsupported: 'Toon/Basic Outline' - All subshaders removed
WARNING: Shader Did you use #pragma only_renderers and omit this platform?
WARNING: Shader If subshaders removal was intentional, you may have forgotten turning Fallback off?
WARNING: Shader Unsupported: 'Toon/Lit Outline' - All subshaders removed
WARNING: Shader Did you use #pragma only_renderers and omit this platform?
WARNING: Shader If subshaders removal was intentional, you may have forgotten turning Fallback off?
WARNING: Shader Unsupported: 'Toon/Lit Outline' - All subshaders removed
WARNING: Shader Did you use #pragma only_renderers and omit this platform?
WARNING: Shader If subshaders removal was intentional, you may have forgotten turning Fallback off?
Refreshing native plugins compatible for Editor in 0.84 ms, found 1 plugins.
Preloading 0 native plugins for Editor in 0.00 ms.
Unloading 15 Unused Serialized files (Serialized files now loaded: 0)
Unloading 2232 unused Assets / (3.2 MB). Loaded Objects now: 2872.
Memory consumption went from 105.9 MB to 102.7 MB.
Total: 6.705400 ms (FindLiveObjects: 0.235600 ms CreateObjectMapping: 0.190300 ms MarkObjects: 5.130200 ms  DeleteObjects: 1.148500 ms)

Prepare: number of updated asset objects reloaded= 0
========================================================================
Received Prepare
Assembly reference Packages/com.unity.cinemachine/Editor/Samples/ExposeHDRPInternals/HDRP-Editor-ref.asmref has no target assembly definition
Assembly reference Packages/com.unity.cinemachine/Editor/Samples/ExposeHDRPInternals/HDRP-Editor-ref.asmref has no target assembly definition
Begin MonoManager ReloadAssembly
Symbol file LoadedFromMemory is not a mono symbol file
- Loaded All Assemblies, in  0.581 seconds
Assembly reference Packages/com.unity.cinemachine/Editor/Samples/ExposeHDRPInternals/HDRP-Editor-ref.asmref has no target assembly definition
'Packages/com.unity.cinemachine/Editor/Obsolete/CinemachineVirtualCameraBaseEditor.cs' contains partial class of Unity.Object, exactly 1 of the partial classes needs to be in a file with the same filename. This is to know the one that can be referenced from ie. GameObjects
'Packages/com.unity.cinemachine/Editor/Editors/CinemachineVirtualCameraBaseEditor.cs' contains partial class of Unity.Object, exactly 1 of the partial classes needs to be in a file with the same filename. This is to know the one that can be referenced from ie. GameObjects
Refreshing native plugins compatible for Editor in 0.78 ms, found 1 plugins.
Native extension for WindowsStandalone target not found
Assembly reference Packages/com.unity.cinemachine/Editor/Samples/ExposeHDRPInternals/HDRP-Editor-ref.asmref has no target assembly definition
[Package Manager] Failed to launch server process. Reason: Unity was launched with the -noUpm command-line argument
[Package Manager] Unable to send message (not connected to server process).
[Package Manager] Cannot connect to Unity Package Manager local server
Mono: successfully reloaded assembly
- Finished resetting the current domain, in  0.574 seconds
Domain Reload Profiling: 1154ms
	BeginReloadAssembly (204ms)
		ExecutionOrderSort (0ms)
		DisableScriptedObjects (17ms)
		BackupInstance (0ms)
		ReleaseScriptingObjects (0ms)
		CreateAndSetChildDomain (33ms)
	RebuildCommonClasses (44ms)
	RebuildNativeTypeToScriptingClass (15ms)
	initialDomainReloadingComplete (32ms)
	LoadAllAssembliesAndSetupDomain (284ms)
		LoadAssemblies (312ms)
		RebuildTransferFunctionScriptingTraits (0ms)
		AnalyzeDomain (85ms)
			TypeCache.Refresh (7ms)
				TypeCache.ScanAssembly (0ms)
			BuildScriptInfoCaches (74ms)
			ResolveRequiredComponents (3ms)
	FinalizeReload (575ms)
		ReleaseScriptCaches (0ms)
		RebuildScriptCaches (0ms)
		SetupLoadedEditorAssemblies (441ms)
			LogAssemblyErrors (0ms)
			InitializePlatformSupportModulesInManaged (2ms)
			SetLoadedEditorAssemblies (7ms)
			BeforeProcessingInitializeOnLoad (175ms)
			ProcessInitializeOnLoadAttributes (206ms)
			ProcessInitializeOnLoadMethodAttributes (48ms)
			AfterProcessingInitializeOnLoad (3ms)
			EditorAssembliesLoaded (0ms)
		ExecutionOrderSort2 (0ms)
		AwakeInstancesAfterBackupRestoration (11ms)
WARNING: Shader Unsupported: 'Toon/Basic Outline' - All subshaders removed
WARNING: Shader Did you use #pragma only_renderers and omit this platform?
WARNING: Shader If subshaders removal was intentional, you may have forgotten turning Fallback off?
WARNING: Shader Unsupported: 'Toon/Basic Outline' - All subshaders removed
WARNING: Shader Did you use #pragma only_renderers and omit this platform?
WARNING: Shader If subshaders removal was intentional, you may have forgotten turning Fallback off?
WARNING: Shader Unsupported: 'Toon/Lit Outline' - All subshaders removed
WARNING: Shader Did you use #pragma only_renderers and omit this platform?
WARNING: Shader If subshaders removal was intentional, you may have forgotten turning Fallback off?
WARNING: Shader Unsupported: 'Toon/Lit Outline' - All subshaders removed
WARNING: Shader Did you use #pragma only_renderers and omit this platform?
WARNING: Shader If subshaders removal was intentional, you may have forgotten turning Fallback off?
Refreshing native plugins compatible for Editor in 1.12 ms, found 1 plugins.
Preloading 0 native plugins for Editor in 0.00 ms.
Unloading 15 Unused Serialized files (Serialized files now loaded: 0)
Unloading 2237 unused Assets / (2.8 MB). Loaded Objects now: 2874.
Memory consumption went from 107.8 MB to 105.0 MB.
Total: 6.462800 ms (FindLiveObjects: 0.256700 ms CreateObjectMapping: 0.204400 ms MarkObjects: 4.794700 ms  DeleteObjects: 1.206300 ms)

Prepare: number of updated asset objects reloaded= 0
========================================================================
Received Import Request.
  Time since last request: 126.388279 seconds.
  path: Assets/RopeSegment.prefab
  artifactKey: Guid(5e21f20c33a369949bebf56754d7ccb3) Importer(815301076,1909f56bfc062723c751e8b465ee728b)
Start importing Assets/RopeSegment.prefab using Guid(5e21f20c33a369949bebf56754d7ccb3) Importer(815301076,1909f56bfc062723c751e8b465ee728b) (PreviewImporter) -> (artifact id: '6704ac0aed18cff4e951bff105350405') in 0.0945163 seconds
Number of updated asset objects reloaded before import = 0Number of asset objects unloaded after import = 20

========================================================================
Received Import Request.
  Time since last request: 26.818292 seconds.
  path: Assets/RopeSegment.prefab
  artifactKey: Guid(5e21f20c33a369949bebf56754d7ccb3) Importer(815301076,1909f56bfc062723c751e8b465ee728b)
Start importing Assets/RopeSegment.prefab using Guid(5e21f20c33a369949bebf56754d7ccb3) Importer(815301076,1909f56bfc062723c751e8b465ee728b) (PreviewImporter) -> (artifact id: '3c5cd8e3fd114a549f5214193e343a54') in 0.0135433 seconds
Number of updated asset objects reloaded before import = 0Number of asset objects unloaded after import = 20

========================================================================
Received Import Request.
  Time since last request: 76.215812 seconds.
  path: Assets/RopeSegment.prefab
  artifactKey: Guid(5e21f20c33a369949bebf56754d7ccb3) Importer(815301076,1909f56bfc062723c751e8b465ee728b)
Start importing Assets/RopeSegment.prefab using Guid(5e21f20c33a369949bebf56754d7ccb3) Importer(815301076,1909f56bfc062723c751e8b465ee728b) (PreviewImporter) -> (artifact id: 'df16d99b97016065e1f1d116712cde8f') in 0.0187551 seconds
Number of updated asset objects reloaded before import = 0Number of asset objects unloaded after import = 20

========================================================================
Received Import Request.
  Time since last request: 1.377314 seconds.
  path: Assets/RopeSegment.prefab
  artifactKey: Guid(5e21f20c33a369949bebf56754d7ccb3) Importer(815301076,1909f56bfc062723c751e8b465ee728b)
Start importing Assets/RopeSegment.prefab using Guid(5e21f20c33a369949bebf56754d7ccb3) Importer(815301076,1909f56bfc062723c751e8b465ee728b) (PreviewImporter) -> (artifact id: '049db3985c7029440f56e6b92da94f14') in 0.0130159 seconds
Number of updated asset objects reloaded before import = 0Number of asset objects unloaded after import = 20

========================================================================
Received Import Request.
  Time since last request: 1.221505 seconds.
  path: Assets/RopeSegment.prefab
  artifactKey: Guid(5e21f20c33a369949bebf56754d7ccb3) Importer(815301076,1909f56bfc062723c751e8b465ee728b)
Start importing Assets/RopeSegment.prefab using Guid(5e21f20c33a369949bebf56754d7ccb3) Importer(815301076,1909f56bfc062723c751e8b465ee728b) (PreviewImporter) -> (artifact id: '6279057dc34af20a723a7112b7bdce48') in 0.0151046 seconds
Number of updated asset objects reloaded before import = 0Number of asset objects unloaded after import = 20

========================================================================
Received Import Request.
  Time since last request: 24.156269 seconds.
  path: Assets/RopeSegment.prefab
  artifactKey: Guid(5e21f20c33a369949bebf56754d7ccb3) Importer(815301076,1909f56bfc062723c751e8b465ee728b)
Start importing Assets/RopeSegment.prefab using Guid(5e21f20c33a369949bebf56754d7ccb3) Importer(815301076,1909f56bfc062723c751e8b465ee728b) (PreviewImporter) -> (artifact id: '547ec775660eebf2028962b513a425e0') in 0.0127517 seconds
Number of updated asset objects reloaded before import = 0Number of asset objects unloaded after import = 20

========================================================================
Received Import Request.
  Time since last request: 5.063743 seconds.
  path: Assets/RopeSegment.prefab
  artifactKey: Guid(5e21f20c33a369949bebf56754d7ccb3) Importer(815301076,1909f56bfc062723c751e8b465ee728b)
Start importing Assets/RopeSegment.prefab using Guid(5e21f20c33a369949bebf56754d7ccb3) Importer(815301076,1909f56bfc062723c751e8b465ee728b) (PreviewImporter) -> (artifact id: 'c737162148e09717b99eb3f6e6c3e3cc') in 0.0145758 seconds
Number of updated asset objects reloaded before import = 0Number of asset objects unloaded after import = 20

========================================================================
Received Import Request.
  Time since last request: 5.292107 seconds.
  path: Assets/RopeSegment.prefab
  artifactKey: Guid(5e21f20c33a369949bebf56754d7ccb3) Importer(815301076,1909f56bfc062723c751e8b465ee728b)
Start importing Assets/RopeSegment.prefab using Guid(5e21f20c33a369949bebf56754d7ccb3) Importer(815301076,1909f56bfc062723c751e8b465ee728b) (PreviewImporter) -> (artifact id: 'bbcb7a17c8f2c955d8c2164fd4beb2d0') in 0.0142262 seconds
Number of updated asset objects reloaded before import = 0Number of asset objects unloaded after import = 20

========================================================================
Received Import Request.
  Time since last request: 28.200997 seconds.
  path: Assets/RopeSegment.prefab
  artifactKey: Guid(5e21f20c33a369949bebf56754d7ccb3) Importer(815301076,1909f56bfc062723c751e8b465ee728b)
Start importing Assets/RopeSegment.prefab using Guid(5e21f20c33a369949bebf56754d7ccb3) Importer(815301076,1909f56bfc062723c751e8b465ee728b) (PreviewImporter) -> (artifact id: '3781b00c35fc77a1388c8956c99186b6') in 0.0151557 seconds
Number of updated asset objects reloaded before import = 0Number of asset objects unloaded after import = 20

========================================================================
Received Import Request.
  Time since last request: 2.246974 seconds.
  path: Assets/RopeSegment.prefab
  artifactKey: Guid(5e21f20c33a369949bebf56754d7ccb3) Importer(815301076,1909f56bfc062723c751e8b465ee728b)
Start importing Assets/RopeSegment.prefab using Guid(5e21f20c33a369949bebf56754d7ccb3) Importer(815301076,1909f56bfc062723c751e8b465ee728b) (PreviewImporter) -> (artifact id: 'd1c50181cdc22eaa347dcf82eedf50eb') in 0.0213561 seconds
Number of updated asset objects reloaded before import = 0Number of asset objects unloaded after import = 20

========================================================================
Received Import Request.
  Time since last request: 3.023404 seconds.
  path: Assets/RopeSegment.prefab
  artifactKey: Guid(5e21f20c33a369949bebf56754d7ccb3) Importer(815301076,1909f56bfc062723c751e8b465ee728b)
Start importing Assets/RopeSegment.prefab using Guid(5e21f20c33a369949bebf56754d7ccb3) Importer(815301076,1909f56bfc062723c751e8b465ee728b) (PreviewImporter) -> (artifact id: '363fac8a4f0bbec571dd0c7e939f0713') in 0.0145319 seconds
Number of updated asset objects reloaded before import = 0Number of asset objects unloaded after import = 20

========================================================================
Received Import Request.
  Time since last request: 3.274080 seconds.
  path: Assets/RopeSegment.prefab
  artifactKey: Guid(5e21f20c33a369949bebf56754d7ccb3) Importer(815301076,1909f56bfc062723c751e8b465ee728b)
Start importing Assets/RopeSegment.prefab using Guid(5e21f20c33a369949bebf56754d7ccb3) Importer(815301076,1909f56bfc062723c751e8b465ee728b) (PreviewImporter) -> (artifact id: '9b66b5252ba879961beba08684728d7d') in 0.017274 seconds
Number of updated asset objects reloaded before import = 0Number of asset objects unloaded after import = 20

========================================================================
Received Prepare
'Packages/com.unity.cinemachine/Editor/Obsolete/CinemachineVirtualCameraBaseEditor.cs' contains partial class of Unity.Object, exactly 1 of the partial classes needs to be in a file with the same filename. This is to know the one that can be referenced from ie. GameObjects
'Packages/com.unity.cinemachine/Editor/Editors/CinemachineVirtualCameraBaseEditor.cs' contains partial class of Unity.Object, exactly 1 of the partial classes needs to be in a file with the same filename. This is to know the one that can be referenced from ie. GameObjects
WARNING: Shader Unsupported: 'Toon/Basic Outline' - All subshaders removed
WARNING: Shader Did you use #pragma only_renderers and omit this platform?
WARNING: Shader If subshaders removal was intentional, you may have forgotten turning Fallback off?
WARNING: Shader Unsupported: 'Toon/Basic Outline' - All subshaders removed
WARNING: Shader Did you use #pragma only_renderers and omit this platform?
WARNING: Shader If subshaders removal was intentional, you may have forgotten turning Fallback off?
WARNING: Shader Unsupported: 'Toon/Lit Outline' - All subshaders removed
WARNING: Shader Did you use #pragma only_renderers and omit this platform?
WARNING: Shader If subshaders removal was intentional, you may have forgotten turning Fallback off?
WARNING: Shader Unsupported: 'Toon/Lit Outline' - All subshaders removed
WARNING: Shader Did you use #pragma only_renderers and omit this platform?
WARNING: Shader If subshaders removal was intentional, you may have forgotten turning Fallback off?
Refreshing native plugins compatible for Editor in 1.45 ms, found 1 plugins.
Preloading 0 native plugins for Editor in 0.00 ms.
Unloading 15 Unused Serialized files (Serialized files now loaded: 0)
Unloading 2233 unused Assets / (3.0 MB). Loaded Objects now: 2875.
Memory consumption went from 102.0 MB to 99.0 MB.
Total: 9.113100 ms (FindLiveObjects: 0.412100 ms CreateObjectMapping: 0.370200 ms MarkObjects: 6.915700 ms  DeleteObjects: 1.413600 ms)

Prepare: number of updated asset objects reloaded= 0
========================================================================
Received Prepare
'Packages/com.unity.cinemachine/Editor/Obsolete/CinemachineVirtualCameraBaseEditor.cs' contains partial class of Unity.Object, exactly 1 of the partial classes needs to be in a file with the same filename. This is to know the one that can be referenced from ie. GameObjects
'Packages/com.unity.cinemachine/Editor/Editors/CinemachineVirtualCameraBaseEditor.cs' contains partial class of Unity.Object, exactly 1 of the partial classes needs to be in a file with the same filename. This is to know the one that can be referenced from ie. GameObjects
WARNING: Shader Unsupported: 'Toon/Basic Outline' - All subshaders removed
WARNING: Shader Did you use #pragma only_renderers and omit this platform?
WARNING: Shader If subshaders removal was intentional, you may have forgotten turning Fallback off?
WARNING: Shader Unsupported: 'Toon/Basic Outline' - All subshaders removed
WARNING: Shader Did you use #pragma only_renderers and omit this platform?
WARNING: Shader If subshaders removal was intentional, you may have forgotten turning Fallback off?
WARNING: Shader Unsupported: 'Toon/Lit Outline' - All subshaders removed
WARNING: Shader Did you use #pragma only_renderers and omit this platform?
WARNING: Shader If subshaders removal was intentional, you may have forgotten turning Fallback off?
WARNING: Shader Unsupported: 'Toon/Lit Outline' - All subshaders removed
WARNING: Shader Did you use #pragma only_renderers and omit this platform?
WARNING: Shader If subshaders removal was intentional, you may have forgotten turning Fallback off?
Refreshing native plugins compatible for Editor in 1.10 ms, found 1 plugins.
Preloading 0 native plugins for Editor in 0.00 ms.
Unloading 15 Unused Serialized files (Serialized files now loaded: 0)
Unloading 2232 unused Assets / (2.8 MB). Loaded Objects now: 2875.
Memory consumption went from 104.0 MB to 101.2 MB.
Total: 6.109300 ms (FindLiveObjects: 0.339800 ms CreateObjectMapping: 0.341000 ms MarkObjects: 4.310400 ms  DeleteObjects: 1.117300 ms)

Prepare: number of updated asset objects reloaded= 0
========================================================================
Received Prepare
Assembly reference Packages/com.unity.cinemachine/Editor/Samples/ExposeHDRPInternals/HDRP-Editor-ref.asmref has no target assembly definition
Assembly reference Packages/com.unity.cinemachine/Editor/Samples/ExposeHDRPInternals/HDRP-Editor-ref.asmref has no target assembly definition
Begin MonoManager ReloadAssembly
Symbol file LoadedFromMemory is not a mono symbol file
- Loaded All Assemblies, in  0.534 seconds
Assembly reference Packages/com.unity.cinemachine/Editor/Samples/ExposeHDRPInternals/HDRP-Editor-ref.asmref has no target assembly definition
'Packages/com.unity.cinemachine/Editor/Obsolete/CinemachineVirtualCameraBaseEditor.cs' contains partial class of Unity.Object, exactly 1 of the partial classes needs to be in a file with the same filename. This is to know the one that can be referenced from ie. GameObjects
'Packages/com.unity.cinemachine/Editor/Editors/CinemachineVirtualCameraBaseEditor.cs' contains partial class of Unity.Object, exactly 1 of the partial classes needs to be in a file with the same filename. This is to know the one that can be referenced from ie. GameObjects
Refreshing native plugins compatible for Editor in 1.11 ms, found 1 plugins.
Native extension for WindowsStandalone target not found
Assembly reference Packages/com.unity.cinemachine/Editor/Samples/ExposeHDRPInternals/HDRP-Editor-ref.asmref has no target assembly definition
[Package Manager] Failed to launch server process. Reason: Unity was launched with the -noUpm command-line argument
[Package Manager] Unable to send message (not connected to server process).
[Package Manager] Cannot connect to Unity Package Manager local server
Mono: successfully reloaded assembly
- Finished resetting the current domain, in  0.464 seconds
Domain Reload Profiling: 997ms
	BeginReloadAssembly (209ms)
		ExecutionOrderSort (0ms)
		DisableScriptedObjects (18ms)
		BackupInstance (0ms)
		ReleaseScriptingObjects (0ms)
		CreateAndSetChildDomain (38ms)
	RebuildCommonClasses (33ms)
	RebuildNativeTypeToScriptingClass (10ms)
	initialDomainReloadingComplete (26ms)
	LoadAllAssembliesAndSetupDomain (254ms)
		LoadAssemblies (279ms)
		RebuildTransferFunctionScriptingTraits (0ms)
		AnalyzeDomain (87ms)
			TypeCache.Refresh (5ms)
				TypeCache.ScanAssembly (0ms)
			BuildScriptInfoCaches (76ms)
			ResolveRequiredComponents (3ms)
	FinalizeReload (465ms)
		ReleaseScriptCaches (0ms)
		RebuildScriptCaches (0ms)
		SetupLoadedEditorAssemblies (346ms)
			LogAssemblyErrors (0ms)
			InitializePlatformSupportModulesInManaged (2ms)
			SetLoadedEditorAssemblies (6ms)
			BeforeProcessingInitializeOnLoad (132ms)
			ProcessInitializeOnLoadAttributes (164ms)
			ProcessInitializeOnLoadMethodAttributes (38ms)
			AfterProcessingInitializeOnLoad (4ms)
			EditorAssembliesLoaded (0ms)
		ExecutionOrderSort2 (0ms)
		AwakeInstancesAfterBackupRestoration (9ms)
WARNING: Shader Unsupported: 'Toon/Basic Outline' - All subshaders removed
WARNING: Shader Did you use #pragma only_renderers and omit this platform?
WARNING: Shader If subshaders removal was intentional, you may have forgotten turning Fallback off?
WARNING: Shader Unsupported: 'Toon/Basic Outline' - All subshaders removed
WARNING: Shader Did you use #pragma only_renderers and omit this platform?
WARNING: Shader If subshaders removal was intentional, you may have forgotten turning Fallback off?
WARNING: Shader Unsupported: 'Toon/Lit Outline' - All subshaders removed
WARNING: Shader Did you use #pragma only_renderers and omit this platform?
WARNING: Shader If subshaders removal was intentional, you may have forgotten turning Fallback off?
WARNING: Shader Unsupported: 'Toon/Lit Outline' - All subshaders removed
WARNING: Shader Did you use #pragma only_renderers and omit this platform?
WARNING: Shader If subshaders removal was intentional, you may have forgotten turning Fallback off?
Refreshing native plugins compatible for Editor in 0.80 ms, found 1 plugins.
Preloading 0 native plugins for Editor in 0.00 ms.
Unloading 15 Unused Serialized files (Serialized files now loaded: 0)
Unloading 2237 unused Assets / (2.9 MB). Loaded Objects now: 2876.
Memory consumption went from 105.8 MB to 102.9 MB.
Total: 4.946700 ms (FindLiveObjects: 0.246400 ms CreateObjectMapping: 0.098400 ms MarkObjects: 3.651100 ms  DeleteObjects: 0.950100 ms)

Prepare: number of updated asset objects reloaded= 0
========================================================================
Received Import Request.
  Time since last request: 71.939087 seconds.
  path: Assets/RopeSegment.prefab
  artifactKey: Guid(5e21f20c33a369949bebf56754d7ccb3) Importer(815301076,1909f56bfc062723c751e8b465ee728b)
Start importing Assets/RopeSegment.prefab using Guid(5e21f20c33a369949bebf56754d7ccb3) Importer(815301076,1909f56bfc062723c751e8b465ee728b) (PreviewImporter) -> (artifact id: '830256fee6208ab9d2bdcfa5b468d345') in 0.0733424 seconds
Number of updated asset objects reloaded before import = 0Number of asset objects unloaded after import = 20

========================================================================
Received Import Request.
  Time since last request: 31.961289 seconds.
  path: Assets/RopeSegment.prefab
  artifactKey: Guid(5e21f20c33a369949bebf56754d7ccb3) Importer(815301076,1909f56bfc062723c751e8b465ee728b)
Start importing Assets/RopeSegment.prefab using Guid(5e21f20c33a369949bebf56754d7ccb3) Importer(815301076,1909f56bfc062723c751e8b465ee728b) (PreviewImporter) -> (artifact id: '9b482c214cb9eca26b6d127f06ba6c47') in 0.0156037 seconds
Number of updated asset objects reloaded before import = 0Number of asset objects unloaded after import = 20

========================================================================
Received Import Request.
  Time since last request: 144.551658 seconds.
  path: Assets/RopeSegment.prefab
  artifactKey: Guid(5e21f20c33a369949bebf56754d7ccb3) Importer(815301076,1909f56bfc062723c751e8b465ee728b)
Start importing Assets/RopeSegment.prefab using Guid(5e21f20c33a369949bebf56754d7ccb3) Importer(815301076,1909f56bfc062723c751e8b465ee728b) (PreviewImporter) -> (artifact id: '80cfeaf96a2460171e9cb93a14878ef2') in 0.0161822 seconds
Number of updated asset objects reloaded before import = 0Number of asset objects unloaded after import = 20

========================================================================
Received Prepare
'Packages/com.unity.cinemachine/Editor/Obsolete/CinemachineVirtualCameraBaseEditor.cs' contains partial class of Unity.Object, exactly 1 of the partial classes needs to be in a file with the same filename. This is to know the one that can be referenced from ie. GameObjects
'Packages/com.unity.cinemachine/Editor/Editors/CinemachineVirtualCameraBaseEditor.cs' contains partial class of Unity.Object, exactly 1 of the partial classes needs to be in a file with the same filename. This is to know the one that can be referenced from ie. GameObjects
WARNING: Shader Unsupported: 'Toon/Basic Outline' - All subshaders removed
WARNING: Shader Did you use #pragma only_renderers and omit this platform?
WARNING: Shader If subshaders removal was intentional, you may have forgotten turning Fallback off?
WARNING: Shader Unsupported: 'Toon/Basic Outline' - All subshaders removed
WARNING: Shader Did you use #pragma only_renderers and omit this platform?
WARNING: Shader If subshaders removal was intentional, you may have forgotten turning Fallback off?
WARNING: Shader Unsupported: 'Toon/Lit Outline' - All subshaders removed
WARNING: Shader Did you use #pragma only_renderers and omit this platform?
WARNING: Shader If subshaders removal was intentional, you may have forgotten turning Fallback off?
WARNING: Shader Unsupported: 'Toon/Lit Outline' - All subshaders removed
WARNING: Shader Did you use #pragma only_renderers and omit this platform?
WARNING: Shader If subshaders removal was intentional, you may have forgotten turning Fallback off?
Refreshing native plugins compatible for Editor in 0.77 ms, found 1 plugins.
Preloading 0 native plugins for Editor in 0.00 ms.
Unloading 15 Unused Serialized files (Serialized files now loaded: 0)
Unloading 2233 unused Assets / (3.1 MB). Loaded Objects now: 2877.
Memory consumption went from 102.0 MB to 98.9 MB.
Total: 6.451000 ms (FindLiveObjects: 0.374400 ms CreateObjectMapping: 0.270900 ms MarkObjects: 4.729600 ms  DeleteObjects: 1.075400 ms)

Prepare: number of updated asset objects reloaded= 0
========================================================================
Received Prepare
Assembly reference Packages/com.unity.cinemachine/Editor/Samples/ExposeHDRPInternals/HDRP-Editor-ref.asmref has no target assembly definition
Assembly reference Packages/com.unity.cinemachine/Editor/Samples/ExposeHDRPInternals/HDRP-Editor-ref.asmref has no target assembly definition
Begin MonoManager ReloadAssembly
Symbol file LoadedFromMemory is not a mono symbol file
- Loaded All Assemblies, in  0.640 seconds
Assembly reference Packages/com.unity.cinemachine/Editor/Samples/ExposeHDRPInternals/HDRP-Editor-ref.asmref has no target assembly definition
'Packages/com.unity.cinemachine/Editor/Obsolete/CinemachineVirtualCameraBaseEditor.cs' contains partial class of Unity.Object, exactly 1 of the partial classes needs to be in a file with the same filename. This is to know the one that can be referenced from ie. GameObjects
'Packages/com.unity.cinemachine/Editor/Editors/CinemachineVirtualCameraBaseEditor.cs' contains partial class of Unity.Object, exactly 1 of the partial classes needs to be in a file with the same filename. This is to know the one that can be referenced from ie. GameObjects
Refreshing native plugins compatible for Editor in 0.82 ms, found 1 plugins.
Native extension for WindowsStandalone target not found
Assembly reference Packages/com.unity.cinemachine/Editor/Samples/ExposeHDRPInternals/HDRP-Editor-ref.asmref has no target assembly definition
[Package Manager] Failed to launch server process. Reason: Unity was launched with the -noUpm command-line argument
[Package Manager] Unable to send message (not connected to server process).
[Package Manager] Cannot connect to Unity Package Manager local server
Mono: successfully reloaded assembly
- Finished resetting the current domain, in  0.537 seconds
Domain Reload Profiling: 1173ms
	BeginReloadAssembly (226ms)
		ExecutionOrderSort (0ms)
		DisableScriptedObjects (13ms)
		BackupInstance (0ms)
		ReleaseScriptingObjects (0ms)
		CreateAndSetChildDomain (41ms)
	RebuildCommonClasses (44ms)
	RebuildNativeTypeToScriptingClass (16ms)
	initialDomainReloadingComplete (38ms)
	LoadAllAssembliesAndSetupDomain (312ms)
		LoadAssemblies (344ms)
		RebuildTransferFunctionScriptingTraits (0ms)
		AnalyzeDomain (102ms)
			TypeCache.Refresh (7ms)
				TypeCache.ScanAssembly (0ms)
			BuildScriptInfoCaches (90ms)
			ResolveRequiredComponents (4ms)
	FinalizeReload (537ms)
		ReleaseScriptCaches (0ms)
		RebuildScriptCaches (0ms)
		SetupLoadedEditorAssemblies (421ms)
			LogAssemblyErrors (0ms)
			InitializePlatformSupportModulesInManaged (2ms)
			SetLoadedEditorAssemblies (8ms)
			BeforeProcessingInitializeOnLoad (158ms)
			ProcessInitializeOnLoadAttributes (202ms)
			ProcessInitializeOnLoadMethodAttributes (48ms)
			AfterProcessingInitializeOnLoad (3ms)
			EditorAssembliesLoaded (0ms)
		ExecutionOrderSort2 (0ms)
		AwakeInstancesAfterBackupRestoration (9ms)
WARNING: Shader Unsupported: 'Toon/Basic Outline' - All subshaders removed
WARNING: Shader Did you use #pragma only_renderers and omit this platform?
WARNING: Shader If subshaders removal was intentional, you may have forgotten turning Fallback off?
WARNING: Shader Unsupported: 'Toon/Basic Outline' - All subshaders removed
WARNING: Shader Did you use #pragma only_renderers and omit this platform?
WARNING: Shader If subshaders removal was intentional, you may have forgotten turning Fallback off?
WARNING: Shader Unsupported: 'Toon/Lit Outline' - All subshaders removed
WARNING: Shader Did you use #pragma only_renderers and omit this platform?
WARNING: Shader If subshaders removal was intentional, you may have forgotten turning Fallback off?
WARNING: Shader Unsupported: 'Toon/Lit Outline' - All subshaders removed
WARNING: Shader Did you use #pragma only_renderers and omit this platform?
WARNING: Shader If subshaders removal was intentional, you may have forgotten turning Fallback off?
Refreshing native plugins compatible for Editor in 1.02 ms, found 1 plugins.
Preloading 0 native plugins for Editor in 0.00 ms.
Unloading 15 Unused Serialized files (Serialized files now loaded: 0)
Unloading 2237 unused Assets / (3.0 MB). Loaded Objects now: 2878.
Memory consumption went from 103.8 MB to 100.7 MB.
Total: 5.940800 ms (FindLiveObjects: 0.261200 ms CreateObjectMapping: 0.194800 ms MarkObjects: 4.314900 ms  DeleteObjects: 1.168500 ms)

Prepare: number of updated asset objects reloaded= 0
========================================================================
Received Import Request.
  Time since last request: 37.914415 seconds.
  path: Assets/RopeSegment.prefab
  artifactKey: Guid(5e21f20c33a369949bebf56754d7ccb3) Importer(815301076,1909f56bfc062723c751e8b465ee728b)
Start importing Assets/RopeSegment.prefab using Guid(5e21f20c33a369949bebf56754d7ccb3) Importer(815301076,1909f56bfc062723c751e8b465ee728b) (PreviewImporter) -> (artifact id: 'f0818a194dae251e9972ed2efb19d22d') in 0.0794355 seconds
Number of updated asset objects reloaded before import = 0Number of asset objects unloaded after import = 19

========================================================================
Received Import Request.
  Time since last request: 2.937851 seconds.
  path: Assets/RopeSegment.prefab
  artifactKey: Guid(5e21f20c33a369949bebf56754d7ccb3) Importer(815301076,1909f56bfc062723c751e8b465ee728b)
Start importing Assets/RopeSegment.prefab using Guid(5e21f20c33a369949bebf56754d7ccb3) Importer(815301076,1909f56bfc062723c751e8b465ee728b) (PreviewImporter) -> (artifact id: '5a1d593d36119b6f46a78aa9db4fc6ea') in 0.0173002 seconds
Number of updated asset objects reloaded before import = 0Number of asset objects unloaded after import = 20

========================================================================
Received Import Request.
  Time since last request: 7.169571 seconds.
  path: Assets/RopeSegment.prefab
  artifactKey: Guid(5e21f20c33a369949bebf56754d7ccb3) Importer(815301076,1909f56bfc062723c751e8b465ee728b)
Start importing Assets/RopeSegment.prefab using Guid(5e21f20c33a369949bebf56754d7ccb3) Importer(815301076,1909f56bfc062723c751e8b465ee728b) (PreviewImporter) -> (artifact id: '7e0b7644cf0c0ced8109507cd81e5d8e') in 0.0159151 seconds
Number of updated asset objects reloaded before import = 0Number of asset objects unloaded after import = 20

========================================================================
Received Import Request.
  Time since last request: 1.225285 seconds.
  path: Assets/RopeSegment.prefab
  artifactKey: Guid(5e21f20c33a369949bebf56754d7ccb3) Importer(815301076,1909f56bfc062723c751e8b465ee728b)
Start importing Assets/RopeSegment.prefab using Guid(5e21f20c33a369949bebf56754d7ccb3) Importer(815301076,1909f56bfc062723c751e8b465ee728b) (PreviewImporter) -> (artifact id: '25cfd30568f989670e4413b13a60d6c1') in 0.0149224 seconds
Number of updated asset objects reloaded before import = 0Number of asset objects unloaded after import = 20

========================================================================
Received Import Request.
  Time since last request: 1.414244 seconds.
  path: Assets/RopeSegment.prefab
  artifactKey: Guid(5e21f20c33a369949bebf56754d7ccb3) Importer(815301076,1909f56bfc062723c751e8b465ee728b)
Start importing Assets/RopeSegment.prefab using Guid(5e21f20c33a369949bebf56754d7ccb3) Importer(815301076,1909f56bfc062723c751e8b465ee728b) (PreviewImporter) -> (artifact id: '92da0e44af22fd9c1b18df171d0c7d49') in 0.0148554 seconds
Number of updated asset objects reloaded before import = 0Number of asset objects unloaded after import = 20

========================================================================
Received Prepare
'Packages/com.unity.cinemachine/Editor/Obsolete/CinemachineVirtualCameraBaseEditor.cs' contains partial class of Unity.Object, exactly 1 of the partial classes needs to be in a file with the same filename. This is to know the one that can be referenced from ie. GameObjects
'Packages/com.unity.cinemachine/Editor/Editors/CinemachineVirtualCameraBaseEditor.cs' contains partial class of Unity.Object, exactly 1 of the partial classes needs to be in a file with the same filename. This is to know the one that can be referenced from ie. GameObjects
WARNING: Shader Unsupported: 'Toon/Basic Outline' - All subshaders removed
WARNING: Shader Did you use #pragma only_renderers and omit this platform?
WARNING: Shader If subshaders removal was intentional, you may have forgotten turning Fallback off?
WARNING: Shader Unsupported: 'Toon/Basic Outline' - All subshaders removed
WARNING: Shader Did you use #pragma only_renderers and omit this platform?
WARNING: Shader If subshaders removal was intentional, you may have forgotten turning Fallback off?
WARNING: Shader Unsupported: 'Toon/Lit Outline' - All subshaders removed
WARNING: Shader Did you use #pragma only_renderers and omit this platform?
WARNING: Shader If subshaders removal was intentional, you may have forgotten turning Fallback off?
WARNING: Shader Unsupported: 'Toon/Lit Outline' - All subshaders removed
WARNING: Shader Did you use #pragma only_renderers and omit this platform?
WARNING: Shader If subshaders removal was intentional, you may have forgotten turning Fallback off?
Refreshing native plugins compatible for Editor in 0.83 ms, found 1 plugins.
Preloading 0 native plugins for Editor in 0.00 ms.
Unloading 15 Unused Serialized files (Serialized files now loaded: 0)
Unloading 2233 unused Assets / (3.0 MB). Loaded Objects now: 2879.
Memory consumption went from 102.0 MB to 99.0 MB.
Total: 6.592800 ms (FindLiveObjects: 0.227200 ms CreateObjectMapping: 0.174800 ms MarkObjects: 5.111500 ms  DeleteObjects: 1.078600 ms)

Prepare: number of updated asset objects reloaded= 0
========================================================================
Received Prepare
Assembly reference Packages/com.unity.cinemachine/Editor/Samples/ExposeHDRPInternals/HDRP-Editor-ref.asmref has no target assembly definition
Assembly reference Packages/com.unity.cinemachine/Editor/Samples/ExposeHDRPInternals/HDRP-Editor-ref.asmref has no target assembly definition
Begin MonoManager ReloadAssembly
Symbol file LoadedFromMemory is not a mono symbol file
- Loaded All Assemblies, in  0.602 seconds
Assembly reference Packages/com.unity.cinemachine/Editor/Samples/ExposeHDRPInternals/HDRP-Editor-ref.asmref has no target assembly definition
'Packages/com.unity.cinemachine/Editor/Obsolete/CinemachineVirtualCameraBaseEditor.cs' contains partial class of Unity.Object, exactly 1 of the partial classes needs to be in a file with the same filename. This is to know the one that can be referenced from ie. GameObjects
'Packages/com.unity.cinemachine/Editor/Editors/CinemachineVirtualCameraBaseEditor.cs' contains partial class of Unity.Object, exactly 1 of the partial classes needs to be in a file with the same filename. This is to know the one that can be referenced from ie. GameObjects
Refreshing native plugins compatible for Editor in 0.97 ms, found 1 plugins.
Native extension for WindowsStandalone target not found
Assembly reference Packages/com.unity.cinemachine/Editor/Samples/ExposeHDRPInternals/HDRP-Editor-ref.asmref has no target assembly definition
[Package Manager] Failed to launch server process. Reason: Unity was launched with the -noUpm command-line argument
[Package Manager] Unable to send message (not connected to server process).
[Package Manager] Cannot connect to Unity Package Manager local server
Mono: successfully reloaded assembly
- Finished resetting the current domain, in  0.556 seconds
Domain Reload Profiling: 1156ms
	BeginReloadAssembly (234ms)
		ExecutionOrderSort (0ms)
		DisableScriptedObjects (15ms)
		BackupInstance (0ms)
		ReleaseScriptingObjects (0ms)
		CreateAndSetChildDomain (40ms)
	RebuildCommonClasses (41ms)
	RebuildNativeTypeToScriptingClass (14ms)
	initialDomainReloadingComplete (29ms)
	LoadAllAssembliesAndSetupDomain (281ms)
		LoadAssemblies (330ms)
		RebuildTransferFunctionScriptingTraits (0ms)
		AnalyzeDomain (90ms)
			TypeCache.Refresh (5ms)
				TypeCache.ScanAssembly (0ms)
			BuildScriptInfoCaches (80ms)
			ResolveRequiredComponents (3ms)
	FinalizeReload (557ms)
		ReleaseScriptCaches (0ms)
		RebuildScriptCaches (0ms)
		SetupLoadedEditorAssemblies (426ms)
			LogAssemblyErrors (0ms)
			InitializePlatformSupportModulesInManaged (2ms)
			SetLoadedEditorAssemblies (8ms)
			BeforeProcessingInitializeOnLoad (169ms)
			ProcessInitializeOnLoadAttributes (200ms)
			ProcessInitializeOnLoadMethodAttributes (44ms)
			AfterProcessingInitializeOnLoad (3ms)
			EditorAssembliesLoaded (0ms)
		ExecutionOrderSort2 (0ms)
		AwakeInstancesAfterBackupRestoration (10ms)
WARNING: Shader Unsupported: 'Toon/Basic Outline' - All subshaders removed
WARNING: Shader Did you use #pragma only_renderers and omit this platform?
WARNING: Shader If subshaders removal was intentional, you may have forgotten turning Fallback off?
WARNING: Shader Unsupported: 'Toon/Basic Outline' - All subshaders removed
WARNING: Shader Did you use #pragma only_renderers and omit this platform?
WARNING: Shader If subshaders removal was intentional, you may have forgotten turning Fallback off?
WARNING: Shader Unsupported: 'Toon/Lit Outline' - All subshaders removed
WARNING: Shader Did you use #pragma only_renderers and omit this platform?
WARNING: Shader If subshaders removal was intentional, you may have forgotten turning Fallback off?
WARNING: Shader Unsupported: 'Toon/Lit Outline' - All subshaders removed
WARNING: Shader Did you use #pragma only_renderers and omit this platform?
WARNING: Shader If subshaders removal was intentional, you may have forgotten turning Fallback off?
Refreshing native plugins compatible for Editor in 0.82 ms, found 1 plugins.
Preloading 0 native plugins for Editor in 0.00 ms.
Unloading 15 Unused Serialized files (Serialized files now loaded: 0)
Unloading 2237 unused Assets / (3.0 MB). Loaded Objects now: 2880.
Memory consumption went from 103.7 MB to 100.8 MB.
Total: 5.490200 ms (FindLiveObjects: 0.245400 ms CreateObjectMapping: 0.212100 ms MarkObjects: 3.841300 ms  DeleteObjects: 1.190900 ms)

Prepare: number of updated asset objects reloaded= 0
========================================================================
Received Prepare
'Packages/com.unity.cinemachine/Editor/Obsolete/CinemachineVirtualCameraBaseEditor.cs' contains partial class of Unity.Object, exactly 1 of the partial classes needs to be in a file with the same filename. This is to know the one that can be referenced from ie. GameObjects
'Packages/com.unity.cinemachine/Editor/Editors/CinemachineVirtualCameraBaseEditor.cs' contains partial class of Unity.Object, exactly 1 of the partial classes needs to be in a file with the same filename. This is to know the one that can be referenced from ie. GameObjects
WARNING: Shader Unsupported: 'Toon/Basic Outline' - All subshaders removed
WARNING: Shader Did you use #pragma only_renderers and omit this platform?
WARNING: Shader If subshaders removal was intentional, you may have forgotten turning Fallback off?
WARNING: Shader Unsupported: 'Toon/Basic Outline' - All subshaders removed
WARNING: Shader Did you use #pragma only_renderers and omit this platform?
WARNING: Shader If subshaders removal was intentional, you may have forgotten turning Fallback off?
WARNING: Shader Unsupported: 'Toon/Lit Outline' - All subshaders removed
WARNING: Shader Did you use #pragma only_renderers and omit this platform?
WARNING: Shader If subshaders removal was intentional, you may have forgotten turning Fallback off?
WARNING: Shader Unsupported: 'Toon/Lit Outline' - All subshaders removed
WARNING: Shader Did you use #pragma only_renderers and omit this platform?
WARNING: Shader If subshaders removal was intentional, you may have forgotten turning Fallback off?
Refreshing native plugins compatible for Editor in 0.83 ms, found 1 plugins.
Preloading 0 native plugins for Editor in 0.00 ms.
Unloading 15 Unused Serialized files (Serialized files now loaded: 0)
Unloading 2232 unused Assets / (3.5 MB). Loaded Objects now: 2880.
Memory consumption went from 106.0 MB to 102.5 MB.
Total: 7.125700 ms (FindLiveObjects: 0.232000 ms CreateObjectMapping: 0.191100 ms MarkObjects: 5.147800 ms  DeleteObjects: 1.553300 ms)

Prepare: number of updated asset objects reloaded= 0
========================================================================
Received Prepare
Assembly reference Packages/com.unity.cinemachine/Editor/Samples/ExposeHDRPInternals/HDRP-Editor-ref.asmref has no target assembly definition
Assembly reference Packages/com.unity.cinemachine/Editor/Samples/ExposeHDRPInternals/HDRP-Editor-ref.asmref has no target assembly definition
Begin MonoManager ReloadAssembly
Symbol file LoadedFromMemory is not a mono symbol file
- Loaded All Assemblies, in  0.647 seconds
Assembly reference Packages/com.unity.cinemachine/Editor/Samples/ExposeHDRPInternals/HDRP-Editor-ref.asmref has no target assembly definition
'Packages/com.unity.cinemachine/Editor/Obsolete/CinemachineVirtualCameraBaseEditor.cs' contains partial class of Unity.Object, exactly 1 of the partial classes needs to be in a file with the same filename. This is to know the one that can be referenced from ie. GameObjects
'Packages/com.unity.cinemachine/Editor/Editors/CinemachineVirtualCameraBaseEditor.cs' contains partial class of Unity.Object, exactly 1 of the partial classes needs to be in a file with the same filename. This is to know the one that can be referenced from ie. GameObjects
Refreshing native plugins compatible for Editor in 1.00 ms, found 1 plugins.
Native extension for WindowsStandalone target not found
Assembly reference Packages/com.unity.cinemachine/Editor/Samples/ExposeHDRPInternals/HDRP-Editor-ref.asmref has no target assembly definition
[Package Manager] Failed to launch server process. Reason: Unity was launched with the -noUpm command-line argument
[Package Manager] Unable to send message (not connected to server process).
[Package Manager] Cannot connect to Unity Package Manager local server
Mono: successfully reloaded assembly
- Finished resetting the current domain, in  0.527 seconds
Domain Reload Profiling: 1173ms
	BeginReloadAssembly (250ms)
		ExecutionOrderSort (0ms)
		DisableScriptedObjects (16ms)
		BackupInstance (0ms)
		ReleaseScriptingObjects (0ms)
		CreateAndSetChildDomain (43ms)
	RebuildCommonClasses (45ms)
	RebuildNativeTypeToScriptingClass (14ms)
	initialDomainReloadingComplete (27ms)
	LoadAllAssembliesAndSetupDomain (310ms)
		LoadAssemblies (358ms)
		RebuildTransferFunctionScriptingTraits (0ms)
		AnalyzeDomain (97ms)
			TypeCache.Refresh (7ms)
				TypeCache.ScanAssembly (0ms)
			BuildScriptInfoCaches (84ms)
			ResolveRequiredComponents (3ms)
	FinalizeReload (527ms)
		ReleaseScriptCaches (0ms)
		RebuildScriptCaches (0ms)
		SetupLoadedEditorAssemblies (404ms)
			LogAssemblyErrors (0ms)
			InitializePlatformSupportModulesInManaged (1ms)
			SetLoadedEditorAssemblies (6ms)
			BeforeProcessingInitializeOnLoad (182ms)
			ProcessInitializeOnLoadAttributes (170ms)
			ProcessInitializeOnLoadMethodAttributes (42ms)
			AfterProcessingInitializeOnLoad (2ms)
			EditorAssembliesLoaded (0ms)
		ExecutionOrderSort2 (0ms)
		AwakeInstancesAfterBackupRestoration (8ms)
WARNING: Shader Unsupported: 'Toon/Basic Outline' - All subshaders removed
WARNING: Shader Did you use #pragma only_renderers and omit this platform?
WARNING: Shader If subshaders removal was intentional, you may have forgotten turning Fallback off?
WARNING: Shader Unsupported: 'Toon/Basic Outline' - All subshaders removed
WARNING: Shader Did you use #pragma only_renderers and omit this platform?
WARNING: Shader If subshaders removal was intentional, you may have forgotten turning Fallback off?
WARNING: Shader Unsupported: 'Toon/Lit Outline' - All subshaders removed
WARNING: Shader Did you use #pragma only_renderers and omit this platform?
WARNING: Shader If subshaders removal was intentional, you may have forgotten turning Fallback off?
WARNING: Shader Unsupported: 'Toon/Lit Outline' - All subshaders removed
WARNING: Shader Did you use #pragma only_renderers and omit this platform?
WARNING: Shader If subshaders removal was intentional, you may have forgotten turning Fallback off?
Refreshing native plugins compatible for Editor in 0.99 ms, found 1 plugins.
Preloading 0 native plugins for Editor in 0.00 ms.
Unloading 15 Unused Serialized files (Serialized files now loaded: 0)
Unloading 2237 unused Assets / (3.1 MB). Loaded Objects now: 2882.
Memory consumption went from 107.9 MB to 104.7 MB.
Total: 6.508400 ms (FindLiveObjects: 0.277300 ms CreateObjectMapping: 0.242200 ms MarkObjects: 4.893400 ms  DeleteObjects: 1.094400 ms)

Prepare: number of updated asset objects reloaded= 0
========================================================================
Received Prepare
'Packages/com.unity.cinemachine/Editor/Obsolete/CinemachineVirtualCameraBaseEditor.cs' contains partial class of Unity.Object, exactly 1 of the partial classes needs to be in a file with the same filename. This is to know the one that can be referenced from ie. GameObjects
'Packages/com.unity.cinemachine/Editor/Editors/CinemachineVirtualCameraBaseEditor.cs' contains partial class of Unity.Object, exactly 1 of the partial classes needs to be in a file with the same filename. This is to know the one that can be referenced from ie. GameObjects
WARNING: Shader Unsupported: 'Toon/Basic Outline' - All subshaders removed
WARNING: Shader Did you use #pragma only_renderers and omit this platform?
WARNING: Shader If subshaders removal was intentional, you may have forgotten turning Fallback off?
WARNING: Shader Unsupported: 'Toon/Basic Outline' - All subshaders removed
WARNING: Shader Did you use #pragma only_renderers and omit this platform?
WARNING: Shader If subshaders removal was intentional, you may have forgotten turning Fallback off?
WARNING: Shader Unsupported: 'Toon/Lit Outline' - All subshaders removed
WARNING: Shader Did you use #pragma only_renderers and omit this platform?
WARNING: Shader If subshaders removal was intentional, you may have forgotten turning Fallback off?
WARNING: Shader Unsupported: 'Toon/Lit Outline' - All subshaders removed
WARNING: Shader Did you use #pragma only_renderers and omit this platform?
WARNING: Shader If subshaders removal was intentional, you may have forgotten turning Fallback off?
Refreshing native plugins compatible for Editor in 0.95 ms, found 1 plugins.
Preloading 0 native plugins for Editor in 0.00 ms.
Unloading 15 Unused Serialized files (Serialized files now loaded: 0)
Unloading 2232 unused Assets / (2.9 MB). Loaded Objects now: 2882.
Memory consumption went from 110.1 MB to 107.2 MB.
Total: 4.756400 ms (FindLiveObjects: 0.232100 ms CreateObjectMapping: 0.099400 ms MarkObjects: 3.458800 ms  DeleteObjects: 0.965400 ms)

Prepare: number of updated asset objects reloaded= 0
========================================================================
Received Prepare
Assembly reference Packages/com.unity.cinemachine/Editor/Samples/ExposeHDRPInternals/HDRP-Editor-ref.asmref has no target assembly definition
Assembly reference Packages/com.unity.cinemachine/Editor/Samples/ExposeHDRPInternals/HDRP-Editor-ref.asmref has no target assembly definition
Begin MonoManager ReloadAssembly
Symbol file LoadedFromMemory is not a mono symbol file
- Loaded All Assemblies, in  0.597 seconds
Assembly reference Packages/com.unity.cinemachine/Editor/Samples/ExposeHDRPInternals/HDRP-Editor-ref.asmref has no target assembly definition
'Packages/com.unity.cinemachine/Editor/Obsolete/CinemachineVirtualCameraBaseEditor.cs' contains partial class of Unity.Object, exactly 1 of the partial classes needs to be in a file with the same filename. This is to know the one that can be referenced from ie. GameObjects
'Packages/com.unity.cinemachine/Editor/Editors/CinemachineVirtualCameraBaseEditor.cs' contains partial class of Unity.Object, exactly 1 of the partial classes needs to be in a file with the same filename. This is to know the one that can be referenced from ie. GameObjects
Refreshing native plugins compatible for Editor in 1.02 ms, found 1 plugins.
Native extension for WindowsStandalone target not found
Assembly reference Packages/com.unity.cinemachine/Editor/Samples/ExposeHDRPInternals/HDRP-Editor-ref.asmref has no target assembly definition
[Package Manager] Failed to launch server process. Reason: Unity was launched with the -noUpm command-line argument
[Package Manager] Unable to send message (not connected to server process).
[Package Manager] Cannot connect to Unity Package Manager local server
Mono: successfully reloaded assembly
- Finished resetting the current domain, in  0.637 seconds
Domain Reload Profiling: 1232ms
	BeginReloadAssembly (247ms)
		ExecutionOrderSort (0ms)
		DisableScriptedObjects (17ms)
		BackupInstance (0ms)
		ReleaseScriptingObjects (0ms)
		CreateAndSetChildDomain (39ms)
	RebuildCommonClasses (38ms)
	RebuildNativeTypeToScriptingClass (12ms)
	initialDomainReloadingComplete (29ms)
	LoadAllAssembliesAndSetupDomain (268ms)
		LoadAssemblies (321ms)
		RebuildTransferFunctionScriptingTraits (0ms)
		AnalyzeDomain (94ms)
			TypeCache.Refresh (6ms)
				TypeCache.ScanAssembly (0ms)
			BuildScriptInfoCaches (82ms)
			ResolveRequiredComponents (4ms)
	FinalizeReload (637ms)
		ReleaseScriptCaches (0ms)
		RebuildScriptCaches (0ms)
		SetupLoadedEditorAssemblies (511ms)
			LogAssemblyErrors (0ms)
			InitializePlatformSupportModulesInManaged (2ms)
			SetLoadedEditorAssemblies (7ms)
			BeforeProcessingInitializeOnLoad (244ms)
			ProcessInitializeOnLoadAttributes (209ms)
			ProcessInitializeOnLoadMethodAttributes (46ms)
			AfterProcessingInitializeOnLoad (4ms)
			EditorAssembliesLoaded (0ms)
		ExecutionOrderSort2 (0ms)
		AwakeInstancesAfterBackupRestoration (8ms)
WARNING: Shader Unsupported: 'Toon/Basic Outline' - All subshaders removed
WARNING: Shader Did you use #pragma only_renderers and omit this platform?
WARNING: Shader If subshaders removal was intentional, you may have forgotten turning Fallback off?
WARNING: Shader Unsupported: 'Toon/Basic Outline' - All subshaders removed
WARNING: Shader Did you use #pragma only_renderers and omit this platform?
WARNING: Shader If subshaders removal was intentional, you may have forgotten turning Fallback off?
WARNING: Shader Unsupported: 'Toon/Lit Outline' - All subshaders removed
WARNING: Shader Did you use #pragma only_renderers and omit this platform?
WARNING: Shader If subshaders removal was intentional, you may have forgotten turning Fallback off?
WARNING: Shader Unsupported: 'Toon/Lit Outline' - All subshaders removed
WARNING: Shader Did you use #pragma only_renderers and omit this platform?
WARNING: Shader If subshaders removal was intentional, you may have forgotten turning Fallback off?
Refreshing native plugins compatible for Editor in 1.12 ms, found 1 plugins.
Preloading 0 native plugins for Editor in 0.00 ms.
Unloading 15 Unused Serialized files (Serialized files now loaded: 0)
Unloading 2237 unused Assets / (3.2 MB). Loaded Objects now: 2884.
Memory consumption went from 112.0 MB to 108.8 MB.
Total: 6.956700 ms (FindLiveObjects: 0.271300 ms CreateObjectMapping: 0.237900 ms MarkObjects: 4.943800 ms  DeleteObjects: 1.502800 ms)

Prepare: number of updated asset objects reloaded= 0
========================================================================
Received Prepare
'Packages/com.unity.cinemachine/Editor/Obsolete/CinemachineVirtualCameraBaseEditor.cs' contains partial class of Unity.Object, exactly 1 of the partial classes needs to be in a file with the same filename. This is to know the one that can be referenced from ie. GameObjects
'Packages/com.unity.cinemachine/Editor/Editors/CinemachineVirtualCameraBaseEditor.cs' contains partial class of Unity.Object, exactly 1 of the partial classes needs to be in a file with the same filename. This is to know the one that can be referenced from ie. GameObjects
WARNING: Shader Unsupported: 'Toon/Basic Outline' - All subshaders removed
WARNING: Shader Did you use #pragma only_renderers and omit this platform?
WARNING: Shader If subshaders removal was intentional, you may have forgotten turning Fallback off?
WARNING: Shader Unsupported: 'Toon/Basic Outline' - All subshaders removed
WARNING: Shader Did you use #pragma only_renderers and omit this platform?
WARNING: Shader If subshaders removal was intentional, you may have forgotten turning Fallback off?
WARNING: Shader Unsupported: 'Toon/Lit Outline' - All subshaders removed
WARNING: Shader Did you use #pragma only_renderers and omit this platform?
WARNING: Shader If subshaders removal was intentional, you may have forgotten turning Fallback off?
WARNING: Shader Unsupported: 'Toon/Lit Outline' - All subshaders removed
WARNING: Shader Did you use #pragma only_renderers and omit this platform?
WARNING: Shader If subshaders removal was intentional, you may have forgotten turning Fallback off?
Refreshing native plugins compatible for Editor in 1.02 ms, found 1 plugins.
Preloading 0 native plugins for Editor in 0.00 ms.
Unloading 15 Unused Serialized files (Serialized files now loaded: 0)
Unloading 2232 unused Assets / (2.2 MB). Loaded Objects now: 2884.
Memory consumption went from 114.2 MB to 111.9 MB.
Total: 10.753200 ms (FindLiveObjects: 0.312300 ms CreateObjectMapping: 0.328400 ms MarkObjects: 5.768300 ms  DeleteObjects: 4.343100 ms)

Prepare: number of updated asset objects reloaded= 0
========================================================================
Received Prepare
Assembly reference Packages/com.unity.cinemachine/Editor/Samples/ExposeHDRPInternals/HDRP-Editor-ref.asmref has no target assembly definition
Assembly reference Packages/com.unity.cinemachine/Editor/Samples/ExposeHDRPInternals/HDRP-Editor-ref.asmref has no target assembly definition
Begin MonoManager ReloadAssembly
Symbol file LoadedFromMemory is not a mono symbol file
- Loaded All Assemblies, in  0.511 seconds
Assembly reference Packages/com.unity.cinemachine/Editor/Samples/ExposeHDRPInternals/HDRP-Editor-ref.asmref has no target assembly definition
'Packages/com.unity.cinemachine/Editor/Obsolete/CinemachineVirtualCameraBaseEditor.cs' contains partial class of Unity.Object, exactly 1 of the partial classes needs to be in a file with the same filename. This is to know the one that can be referenced from ie. GameObjects
'Packages/com.unity.cinemachine/Editor/Editors/CinemachineVirtualCameraBaseEditor.cs' contains partial class of Unity.Object, exactly 1 of the partial classes needs to be in a file with the same filename. This is to know the one that can be referenced from ie. GameObjects
Refreshing native plugins compatible for Editor in 1.19 ms, found 1 plugins.
Native extension for WindowsStandalone target not found
Assembly reference Packages/com.unity.cinemachine/Editor/Samples/ExposeHDRPInternals/HDRP-Editor-ref.asmref has no target assembly definition
[Package Manager] Failed to launch server process. Reason: Unity was launched with the -noUpm command-line argument
[Package Manager] Unable to send message (not connected to server process).
[Package Manager] Cannot connect to Unity Package Manager local server
Mono: successfully reloaded assembly
- Finished resetting the current domain, in  0.423 seconds
Domain Reload Profiling: 932ms
	BeginReloadAssembly (189ms)
		ExecutionOrderSort (0ms)
		DisableScriptedObjects (12ms)
		BackupInstance (0ms)
		ReleaseScriptingObjects (0ms)
		CreateAndSetChildDomain (32ms)
	RebuildCommonClasses (31ms)
	RebuildNativeTypeToScriptingClass (10ms)
	initialDomainReloadingComplete (24ms)
	LoadAllAssembliesAndSetupDomain (255ms)
		LoadAssemblies (263ms)
		RebuildTransferFunctionScriptingTraits (0ms)
		AnalyzeDomain (95ms)
			TypeCache.Refresh (6ms)
				TypeCache.ScanAssembly (0ms)
			BuildScriptInfoCaches (85ms)
			ResolveRequiredComponents (2ms)
	FinalizeReload (424ms)
		ReleaseScriptCaches (0ms)
		RebuildScriptCaches (0ms)
		SetupLoadedEditorAssemblies (322ms)
			LogAssemblyErrors (0ms)
			InitializePlatformSupportModulesInManaged (1ms)
			SetLoadedEditorAssemblies (7ms)
			BeforeProcessingInitializeOnLoad (128ms)
			ProcessInitializeOnLoadAttributes (147ms)
			ProcessInitializeOnLoadMethodAttributes (36ms)
			AfterProcessingInitializeOnLoad (2ms)
			EditorAssembliesLoaded (0ms)
		ExecutionOrderSort2 (0ms)
		AwakeInstancesAfterBackupRestoration (7ms)
WARNING: Shader Unsupported: 'Toon/Basic Outline' - All subshaders removed
WARNING: Shader Did you use #pragma only_renderers and omit this platform?
WARNING: Shader If subshaders removal was intentional, you may have forgotten turning Fallback off?
WARNING: Shader Unsupported: 'Toon/Basic Outline' - All subshaders removed
WARNING: Shader Did you use #pragma only_renderers and omit this platform?
WARNING: Shader If subshaders removal was intentional, you may have forgotten turning Fallback off?
WARNING: Shader Unsupported: 'Toon/Lit Outline' - All subshaders removed
WARNING: Shader Did you use #pragma only_renderers and omit this platform?
WARNING: Shader If subshaders removal was intentional, you may have forgotten turning Fallback off?
WARNING: Shader Unsupported: 'Toon/Lit Outline' - All subshaders removed
WARNING: Shader Did you use #pragma only_renderers and omit this platform?
WARNING: Shader If subshaders removal was intentional, you may have forgotten turning Fallback off?
Refreshing native plugins compatible for Editor in 0.73 ms, found 1 plugins.
Preloading 0 native plugins for Editor in 0.00 ms.
Unloading 15 Unused Serialized files (Serialized files now loaded: 0)
Unloading 2237 unused Assets / (3.1 MB). Loaded Objects now: 2886.
Memory consumption went from 116.1 MB to 113.0 MB.
Total: 4.985600 ms (FindLiveObjects: 0.254700 ms CreateObjectMapping: 0.164500 ms MarkObjects: 3.516900 ms  DeleteObjects: 1.048900 ms)

Prepare: number of updated asset objects reloaded= 0
========================================================================
Received Prepare
'Packages/com.unity.cinemachine/Editor/Obsolete/CinemachineVirtualCameraBaseEditor.cs' contains partial class of Unity.Object, exactly 1 of the partial classes needs to be in a file with the same filename. This is to know the one that can be referenced from ie. GameObjects
'Packages/com.unity.cinemachine/Editor/Editors/CinemachineVirtualCameraBaseEditor.cs' contains partial class of Unity.Object, exactly 1 of the partial classes needs to be in a file with the same filename. This is to know the one that can be referenced from ie. GameObjects
WARNING: Shader Unsupported: 'Toon/Basic Outline' - All subshaders removed
WARNING: Shader Did you use #pragma only_renderers and omit this platform?
WARNING: Shader If subshaders removal was intentional, you may have forgotten turning Fallback off?
WARNING: Shader Unsupported: 'Toon/Basic Outline' - All subshaders removed
WARNING: Shader Did you use #pragma only_renderers and omit this platform?
WARNING: Shader If subshaders removal was intentional, you may have forgotten turning Fallback off?
WARNING: Shader Unsupported: 'Toon/Lit Outline' - All subshaders removed
WARNING: Shader Did you use #pragma only_renderers and omit this platform?
WARNING: Shader If subshaders removal was intentional, you may have forgotten turning Fallback off?
WARNING: Shader Unsupported: 'Toon/Lit Outline' - All subshaders removed
WARNING: Shader Did you use #pragma only_renderers and omit this platform?
WARNING: Shader If subshaders removal was intentional, you may have forgotten turning Fallback off?
Refreshing native plugins compatible for Editor in 0.90 ms, found 1 plugins.
Preloading 0 native plugins for Editor in 0.00 ms.
Unloading 15 Unused Serialized files (Serialized files now loaded: 0)
Unloading 2232 unused Assets / (2.8 MB). Loaded Objects now: 2886.
Memory consumption went from 118.3 MB to 115.5 MB.
Total: 4.772100 ms (FindLiveObjects: 0.231400 ms CreateObjectMapping: 0.102300 ms MarkObjects: 3.505100 ms  DeleteObjects: 0.932700 ms)

Prepare: number of updated asset objects reloaded= 0
========================================================================
Received Prepare
Assembly reference Packages/com.unity.cinemachine/Editor/Samples/ExposeHDRPInternals/HDRP-Editor-ref.asmref has no target assembly definition
Assembly reference Packages/com.unity.cinemachine/Editor/Samples/ExposeHDRPInternals/HDRP-Editor-ref.asmref has no target assembly definition
Begin MonoManager ReloadAssembly
Symbol file LoadedFromMemory is not a mono symbol file
- Loaded All Assemblies, in  0.671 seconds
Assembly reference Packages/com.unity.cinemachine/Editor/Samples/ExposeHDRPInternals/HDRP-Editor-ref.asmref has no target assembly definition
'Packages/com.unity.cinemachine/Editor/Obsolete/CinemachineVirtualCameraBaseEditor.cs' contains partial class of Unity.Object, exactly 1 of the partial classes needs to be in a file with the same filename. This is to know the one that can be referenced from ie. GameObjects
'Packages/com.unity.cinemachine/Editor/Editors/CinemachineVirtualCameraBaseEditor.cs' contains partial class of Unity.Object, exactly 1 of the partial classes needs to be in a file with the same filename. This is to know the one that can be referenced from ie. GameObjects
Refreshing native plugins compatible for Editor in 1.22 ms, found 1 plugins.
Native extension for WindowsStandalone target not found
Assembly reference Packages/com.unity.cinemachine/Editor/Samples/ExposeHDRPInternals/HDRP-Editor-ref.asmref has no target assembly definition
[Package Manager] Failed to launch server process. Reason: Unity was launched with the -noUpm command-line argument
[Package Manager] Unable to send message (not connected to server process).
[Package Manager] Cannot connect to Unity Package Manager local server
Mono: successfully reloaded assembly
- Finished resetting the current domain, in  0.482 seconds
Domain Reload Profiling: 1151ms
	BeginReloadAssembly (338ms)
		ExecutionOrderSort (0ms)
		DisableScriptedObjects (74ms)
		BackupInstance (0ms)
		ReleaseScriptingObjects (0ms)
		CreateAndSetChildDomain (38ms)
	RebuildCommonClasses (38ms)
	RebuildNativeTypeToScriptingClass (11ms)
	initialDomainReloadingComplete (24ms)
	LoadAllAssembliesAndSetupDomain (259ms)
		LoadAssemblies (310ms)
		RebuildTransferFunctionScriptingTraits (0ms)
		AnalyzeDomain (88ms)
			TypeCache.Refresh (5ms)
				TypeCache.ScanAssembly (0ms)
			BuildScriptInfoCaches (78ms)
			ResolveRequiredComponents (3ms)
	FinalizeReload (482ms)
		ReleaseScriptCaches (0ms)
		RebuildScriptCaches (0ms)
		SetupLoadedEditorAssemblies (372ms)
			LogAssemblyErrors (0ms)
			InitializePlatformSupportModulesInManaged (1ms)
			SetLoadedEditorAssemblies (5ms)
			BeforeProcessingInitializeOnLoad (165ms)
			ProcessInitializeOnLoadAttributes (158ms)
			ProcessInitializeOnLoadMethodAttributes (39ms)
			AfterProcessingInitializeOnLoad (2ms)
			EditorAssembliesLoaded (0ms)
		ExecutionOrderSort2 (0ms)
		AwakeInstancesAfterBackupRestoration (8ms)
WARNING: Shader Unsupported: 'Toon/Basic Outline' - All subshaders removed
WARNING: Shader Did you use #pragma only_renderers and omit this platform?
WARNING: Shader If subshaders removal was intentional, you may have forgotten turning Fallback off?
WARNING: Shader Unsupported: 'Toon/Basic Outline' - All subshaders removed
WARNING: Shader Did you use #pragma only_renderers and omit this platform?
WARNING: Shader If subshaders removal was intentional, you may have forgotten turning Fallback off?
WARNING: Shader Unsupported: 'Toon/Lit Outline' - All subshaders removed
WARNING: Shader Did you use #pragma only_renderers and omit this platform?
WARNING: Shader If subshaders removal was intentional, you may have forgotten turning Fallback off?
WARNING: Shader Unsupported: 'Toon/Lit Outline' - All subshaders removed
WARNING: Shader Did you use #pragma only_renderers and omit this platform?
WARNING: Shader If subshaders removal was intentional, you may have forgotten turning Fallback off?
Refreshing native plugins compatible for Editor in 0.87 ms, found 1 plugins.
Preloading 0 native plugins for Editor in 0.00 ms.
Unloading 15 Unused Serialized files (Serialized files now loaded: 0)
Unloading 2237 unused Assets / (3.0 MB). Loaded Objects now: 2888.
Memory consumption went from 120.2 MB to 117.2 MB.
Total: 5.342100 ms (FindLiveObjects: 0.235400 ms CreateObjectMapping: 0.166600 ms MarkObjects: 3.734300 ms  DeleteObjects: 1.205100 ms)

Prepare: number of updated asset objects reloaded= 0
========================================================================
Received Prepare
'Packages/com.unity.cinemachine/Editor/Obsolete/CinemachineVirtualCameraBaseEditor.cs' contains partial class of Unity.Object, exactly 1 of the partial classes needs to be in a file with the same filename. This is to know the one that can be referenced from ie. GameObjects
'Packages/com.unity.cinemachine/Editor/Editors/CinemachineVirtualCameraBaseEditor.cs' contains partial class of Unity.Object, exactly 1 of the partial classes needs to be in a file with the same filename. This is to know the one that can be referenced from ie. GameObjects
WARNING: Shader Unsupported: 'Toon/Basic Outline' - All subshaders removed
WARNING: Shader Did you use #pragma only_renderers and omit this platform?
WARNING: Shader If subshaders removal was intentional, you may have forgotten turning Fallback off?
WARNING: Shader Unsupported: 'Toon/Basic Outline' - All subshaders removed
WARNING: Shader Did you use #pragma only_renderers and omit this platform?
WARNING: Shader If subshaders removal was intentional, you may have forgotten turning Fallback off?
WARNING: Shader Unsupported: 'Toon/Lit Outline' - All subshaders removed
WARNING: Shader Did you use #pragma only_renderers and omit this platform?
WARNING: Shader If subshaders removal was intentional, you may have forgotten turning Fallback off?
WARNING: Shader Unsupported: 'Toon/Lit Outline' - All subshaders removed
WARNING: Shader Did you use #pragma only_renderers and omit this platform?
WARNING: Shader If subshaders removal was intentional, you may have forgotten turning Fallback off?
Refreshing native plugins compatible for Editor in 0.72 ms, found 1 plugins.
Preloading 0 native plugins for Editor in 0.00 ms.
Unloading 15 Unused Serialized files (Serialized files now loaded: 0)
Unloading 2232 unused Assets / (2.8 MB). Loaded Objects now: 2888.
Memory consumption went from 122.5 MB to 119.7 MB.
Total: 5.387500 ms (FindLiveObjects: 0.262400 ms CreateObjectMapping: 0.248300 ms MarkObjects: 3.868100 ms  DeleteObjects: 1.007800 ms)

Prepare: number of updated asset objects reloaded= 0
========================================================================
Received Prepare
Assembly reference Packages/com.unity.cinemachine/Editor/Samples/ExposeHDRPInternals/HDRP-Editor-ref.asmref has no target assembly definition
Assembly reference Packages/com.unity.cinemachine/Editor/Samples/ExposeHDRPInternals/HDRP-Editor-ref.asmref has no target assembly definition
Begin MonoManager ReloadAssembly
Symbol file LoadedFromMemory is not a mono symbol file
- Loaded All Assemblies, in  0.512 seconds
Assembly reference Packages/com.unity.cinemachine/Editor/Samples/ExposeHDRPInternals/HDRP-Editor-ref.asmref has no target assembly definition
'Packages/com.unity.cinemachine/Editor/Obsolete/CinemachineVirtualCameraBaseEditor.cs' contains partial class of Unity.Object, exactly 1 of the partial classes needs to be in a file with the same filename. This is to know the one that can be referenced from ie. GameObjects
'Packages/com.unity.cinemachine/Editor/Editors/CinemachineVirtualCameraBaseEditor.cs' contains partial class of Unity.Object, exactly 1 of the partial classes needs to be in a file with the same filename. This is to know the one that can be referenced from ie. GameObjects
Refreshing native plugins compatible for Editor in 1.03 ms, found 1 plugins.
Native extension for WindowsStandalone target not found
Assembly reference Packages/com.unity.cinemachine/Editor/Samples/ExposeHDRPInternals/HDRP-Editor-ref.asmref has no target assembly definition
[Package Manager] Failed to launch server process. Reason: Unity was launched with the -noUpm command-line argument
[Package Manager] Unable to send message (not connected to server process).
[Package Manager] Cannot connect to Unity Package Manager local server
Mono: successfully reloaded assembly
- Finished resetting the current domain, in  0.511 seconds
Domain Reload Profiling: 1022ms
	BeginReloadAssembly (197ms)
		ExecutionOrderSort (0ms)
		DisableScriptedObjects (13ms)
		BackupInstance (0ms)
		ReleaseScriptingObjects (0ms)
		CreateAndSetChildDomain (34ms)
	RebuildCommonClasses (37ms)
	RebuildNativeTypeToScriptingClass (11ms)
	initialDomainReloadingComplete (23ms)
	LoadAllAssembliesAndSetupDomain (243ms)
		LoadAssemblies (275ms)
		RebuildTransferFunctionScriptingTraits (0ms)
		AnalyzeDomain (81ms)
			TypeCache.Refresh (7ms)
				TypeCache.ScanAssembly (0ms)
			BuildScriptInfoCaches (68ms)
			ResolveRequiredComponents (4ms)
	FinalizeReload (511ms)
		ReleaseScriptCaches (0ms)
		RebuildScriptCaches (0ms)
		SetupLoadedEditorAssemblies (380ms)
			LogAssemblyErrors (0ms)
			InitializePlatformSupportModulesInManaged (2ms)
			SetLoadedEditorAssemblies (7ms)
			BeforeProcessingInitializeOnLoad (161ms)
			ProcessInitializeOnLoadAttributes (172ms)
			ProcessInitializeOnLoadMethodAttributes (37ms)
			AfterProcessingInitializeOnLoad (2ms)
			EditorAssembliesLoaded (0ms)
		ExecutionOrderSort2 (0ms)
		AwakeInstancesAfterBackupRestoration (8ms)
WARNING: Shader Unsupported: 'Toon/Basic Outline' - All subshaders removed
WARNING: Shader Did you use #pragma only_renderers and omit this platform?
WARNING: Shader If subshaders removal was intentional, you may have forgotten turning Fallback off?
WARNING: Shader Unsupported: 'Toon/Basic Outline' - All subshaders removed
WARNING: Shader Did you use #pragma only_renderers and omit this platform?
WARNING: Shader If subshaders removal was intentional, you may have forgotten turning Fallback off?
WARNING: Shader Unsupported: 'Toon/Lit Outline' - All subshaders removed
WARNING: Shader Did you use #pragma only_renderers and omit this platform?
WARNING: Shader If subshaders removal was intentional, you may have forgotten turning Fallback off?
WARNING: Shader Unsupported: 'Toon/Lit Outline' - All subshaders removed
WARNING: Shader Did you use #pragma only_renderers and omit this platform?
WARNING: Shader If subshaders removal was intentional, you may have forgotten turning Fallback off?
Refreshing native plugins compatible for Editor in 0.93 ms, found 1 plugins.
Preloading 0 native plugins for Editor in 0.00 ms.
Unloading 15 Unused Serialized files (Serialized files now loaded: 0)
Unloading 2237 unused Assets / (3.0 MB). Loaded Objects now: 2890.
Memory consumption went from 124.4 MB to 121.3 MB.
Total: 6.348500 ms (FindLiveObjects: 0.244200 ms CreateObjectMapping: 0.290800 ms MarkObjects: 4.507800 ms  DeleteObjects: 1.305200 ms)

Prepare: number of updated asset objects reloaded= 0
========================================================================
Received Import Request.
  Time since last request: 672.330578 seconds.
  path: Assets/RopeSegment.prefab
  artifactKey: Guid(5e21f20c33a369949bebf56754d7ccb3) Importer(815301076,1909f56bfc062723c751e8b465ee728b)
Start importing Assets/RopeSegment.prefab using Guid(5e21f20c33a369949bebf56754d7ccb3) Importer(815301076,1909f56bfc062723c751e8b465ee728b) (PreviewImporter) -> (artifact id: 'c160cf878334ae96d57d6f461c9bf62a') in 0.0798044 seconds
Number of updated asset objects reloaded before import = 0Number of asset objects unloaded after import = 20

========================================================================
Received Import Request.
  Time since last request: 1.159566 seconds.
  path: Assets/RopeSegment.prefab
  artifactKey: Guid(5e21f20c33a369949bebf56754d7ccb3) Importer(815301076,1909f56bfc062723c751e8b465ee728b)
Start importing Assets/RopeSegment.prefab using Guid(5e21f20c33a369949bebf56754d7ccb3) Importer(815301076,1909f56bfc062723c751e8b465ee728b) (PreviewImporter) -> (artifact id: '0f304c1d4cb03ccd6590a9bbabf6f35d') in 0.0166905 seconds
Number of updated asset objects reloaded before import = 0Number of asset objects unloaded after import = 20

========================================================================
Received Import Request.
  Time since last request: 270.912238 seconds.
  path: Assets/RopeSegment.prefab
  artifactKey: Guid(5e21f20c33a369949bebf56754d7ccb3) Importer(815301076,1909f56bfc062723c751e8b465ee728b)
Start importing Assets/RopeSegment.prefab using Guid(5e21f20c33a369949bebf56754d7ccb3) Importer(815301076,1909f56bfc062723c751e8b465ee728b) (PreviewImporter) -> (artifact id: 'f9cb98edb67c04ac1f6c6ffb627b240d') in 0.0179242 seconds
Number of updated asset objects reloaded before import = 0Number of asset objects unloaded after import = 20

========================================================================
Received Prepare
'Packages/com.unity.cinemachine/Editor/Obsolete/CinemachineVirtualCameraBaseEditor.cs' contains partial class of Unity.Object, exactly 1 of the partial classes needs to be in a file with the same filename. This is to know the one that can be referenced from ie. GameObjects
'Packages/com.unity.cinemachine/Editor/Editors/CinemachineVirtualCameraBaseEditor.cs' contains partial class of Unity.Object, exactly 1 of the partial classes needs to be in a file with the same filename. This is to know the one that can be referenced from ie. GameObjects
WARNING: Shader Unsupported: 'Toon/Basic Outline' - All subshaders removed
WARNING: Shader Did you use #pragma only_renderers and omit this platform?
WARNING: Shader If subshaders removal was intentional, you may have forgotten turning Fallback off?
WARNING: Shader Unsupported: 'Toon/Basic Outline' - All subshaders removed
WARNING: Shader Did you use #pragma only_renderers and omit this platform?
WARNING: Shader If subshaders removal was intentional, you may have forgotten turning Fallback off?
WARNING: Shader Unsupported: 'Toon/Lit Outline' - All subshaders removed
WARNING: Shader Did you use #pragma only_renderers and omit this platform?
WARNING: Shader If subshaders removal was intentional, you may have forgotten turning Fallback off?
WARNING: Shader Unsupported: 'Toon/Lit Outline' - All subshaders removed
WARNING: Shader Did you use #pragma only_renderers and omit this platform?
WARNING: Shader If subshaders removal was intentional, you may have forgotten turning Fallback off?
Refreshing native plugins compatible for Editor in 1.05 ms, found 1 plugins.
Preloading 0 native plugins for Editor in 0.00 ms.
Unloading 15 Unused Serialized files (Serialized files now loaded: 0)
Unloading 2233 unused Assets / (2.9 MB). Loaded Objects now: 2891.
Memory consumption went from 102.1 MB to 99.2 MB.
Total: 6.708000 ms (FindLiveObjects: 0.336200 ms CreateObjectMapping: 0.250500 ms MarkObjects: 4.739900 ms  DeleteObjects: 1.380300 ms)

Prepare: number of updated asset objects reloaded= 0
========================================================================
Received Prepare
Assembly reference Packages/com.unity.cinemachine/Editor/Samples/ExposeHDRPInternals/HDRP-Editor-ref.asmref has no target assembly definition
Assembly reference Packages/com.unity.cinemachine/Editor/Samples/ExposeHDRPInternals/HDRP-Editor-ref.asmref has no target assembly definition
Begin MonoManager ReloadAssembly
Symbol file LoadedFromMemory is not a mono symbol file
- Loaded All Assemblies, in  0.604 seconds
Assembly reference Packages/com.unity.cinemachine/Editor/Samples/ExposeHDRPInternals/HDRP-Editor-ref.asmref has no target assembly definition
'Packages/com.unity.cinemachine/Editor/Obsolete/CinemachineVirtualCameraBaseEditor.cs' contains partial class of Unity.Object, exactly 1 of the partial classes needs to be in a file with the same filename. This is to know the one that can be referenced from ie. GameObjects
'Packages/com.unity.cinemachine/Editor/Editors/CinemachineVirtualCameraBaseEditor.cs' contains partial class of Unity.Object, exactly 1 of the partial classes needs to be in a file with the same filename. This is to know the one that can be referenced from ie. GameObjects
Refreshing native plugins compatible for Editor in 1.04 ms, found 1 plugins.
Native extension for WindowsStandalone target not found
Assembly reference Packages/com.unity.cinemachine/Editor/Samples/ExposeHDRPInternals/HDRP-Editor-ref.asmref has no target assembly definition
[Package Manager] Failed to launch server process. Reason: Unity was launched with the -noUpm command-line argument
[Package Manager] Unable to send message (not connected to server process).
[Package Manager] Cannot connect to Unity Package Manager local server
Mono: successfully reloaded assembly
- Finished resetting the current domain, in  0.560 seconds
Domain Reload Profiling: 1163ms
	BeginReloadAssembly (218ms)
		ExecutionOrderSort (0ms)
		DisableScriptedObjects (15ms)
		BackupInstance (0ms)
		ReleaseScriptingObjects (0ms)
		CreateAndSetChildDomain (34ms)
	RebuildCommonClasses (44ms)
	RebuildNativeTypeToScriptingClass (15ms)
	initialDomainReloadingComplete (30ms)
	LoadAllAssembliesAndSetupDomain (297ms)
		LoadAssemblies (339ms)
		RebuildTransferFunctionScriptingTraits (0ms)
		AnalyzeDomain (86ms)
			TypeCache.Refresh (6ms)
				TypeCache.ScanAssembly (0ms)
			BuildScriptInfoCaches (73ms)
			ResolveRequiredComponents (4ms)
	FinalizeReload (560ms)
		ReleaseScriptCaches (0ms)
		RebuildScriptCaches (0ms)
		SetupLoadedEditorAssemblies (422ms)
			LogAssemblyErrors (0ms)
			InitializePlatformSupportModulesInManaged (2ms)
			SetLoadedEditorAssemblies (7ms)
			BeforeProcessingInitializeOnLoad (165ms)
			ProcessInitializeOnLoadAttributes (199ms)
			ProcessInitializeOnLoadMethodAttributes (47ms)
			AfterProcessingInitializeOnLoad (2ms)
			EditorAssembliesLoaded (0ms)
		ExecutionOrderSort2 (0ms)
		AwakeInstancesAfterBackupRestoration (10ms)
WARNING: Shader Unsupported: 'Toon/Basic Outline' - All subshaders removed
WARNING: Shader Did you use #pragma only_renderers and omit this platform?
WARNING: Shader If subshaders removal was intentional, you may have forgotten turning Fallback off?
WARNING: Shader Unsupported: 'Toon/Basic Outline' - All subshaders removed
WARNING: Shader Did you use #pragma only_renderers and omit this platform?
WARNING: Shader If subshaders removal was intentional, you may have forgotten turning Fallback off?
WARNING: Shader Unsupported: 'Toon/Lit Outline' - All subshaders removed
WARNING: Shader Did you use #pragma only_renderers and omit this platform?
WARNING: Shader If subshaders removal was intentional, you may have forgotten turning Fallback off?
WARNING: Shader Unsupported: 'Toon/Lit Outline' - All subshaders removed
WARNING: Shader Did you use #pragma only_renderers and omit this platform?
WARNING: Shader If subshaders removal was intentional, you may have forgotten turning Fallback off?
Refreshing native plugins compatible for Editor in 1.01 ms, found 1 plugins.
Preloading 0 native plugins for Editor in 0.00 ms.
Unloading 15 Unused Serialized files (Serialized files now loaded: 0)
Unloading 2237 unused Assets / (3.1 MB). Loaded Objects now: 2892.
Memory consumption went from 103.9 MB to 100.8 MB.
Total: 6.172900 ms (FindLiveObjects: 0.235500 ms CreateObjectMapping: 0.195000 ms MarkObjects: 4.617800 ms  DeleteObjects: 1.123900 ms)

Prepare: number of updated asset objects reloaded= 0
========================================================================
Received Prepare
'Packages/com.unity.cinemachine/Editor/Obsolete/CinemachineVirtualCameraBaseEditor.cs' contains partial class of Unity.Object, exactly 1 of the partial classes needs to be in a file with the same filename. This is to know the one that can be referenced from ie. GameObjects
'Packages/com.unity.cinemachine/Editor/Editors/CinemachineVirtualCameraBaseEditor.cs' contains partial class of Unity.Object, exactly 1 of the partial classes needs to be in a file with the same filename. This is to know the one that can be referenced from ie. GameObjects
WARNING: Shader Unsupported: 'Toon/Basic Outline' - All subshaders removed
WARNING: Shader Did you use #pragma only_renderers and omit this platform?
WARNING: Shader If subshaders removal was intentional, you may have forgotten turning Fallback off?
WARNING: Shader Unsupported: 'Toon/Basic Outline' - All subshaders removed
WARNING: Shader Did you use #pragma only_renderers and omit this platform?
WARNING: Shader If subshaders removal was intentional, you may have forgotten turning Fallback off?
WARNING: Shader Unsupported: 'Toon/Lit Outline' - All subshaders removed
WARNING: Shader Did you use #pragma only_renderers and omit this platform?
WARNING: Shader If subshaders removal was intentional, you may have forgotten turning Fallback off?
WARNING: Shader Unsupported: 'Toon/Lit Outline' - All subshaders removed
WARNING: Shader Did you use #pragma only_renderers and omit this platform?
WARNING: Shader If subshaders removal was intentional, you may have forgotten turning Fallback off?
Refreshing native plugins compatible for Editor in 0.80 ms, found 1 plugins.
Preloading 0 native plugins for Editor in 0.00 ms.
Unloading 15 Unused Serialized files (Serialized files now loaded: 0)
Unloading 2232 unused Assets / (3.3 MB). Loaded Objects now: 2892.
Memory consumption went from 106.1 MB to 102.8 MB.
Total: 5.957600 ms (FindLiveObjects: 0.248400 ms CreateObjectMapping: 0.224300 ms MarkObjects: 4.005200 ms  DeleteObjects: 1.479100 ms)

Prepare: number of updated asset objects reloaded= 0
========================================================================
Received Prepare
Assembly reference Packages/com.unity.cinemachine/Editor/Samples/ExposeHDRPInternals/HDRP-Editor-ref.asmref has no target assembly definition
Assembly reference Packages/com.unity.cinemachine/Editor/Samples/ExposeHDRPInternals/HDRP-Editor-ref.asmref has no target assembly definition
Begin MonoManager ReloadAssembly
Symbol file LoadedFromMemory is not a mono symbol file
- Loaded All Assemblies, in  0.952 seconds
Assembly reference Packages/com.unity.cinemachine/Editor/Samples/ExposeHDRPInternals/HDRP-Editor-ref.asmref has no target assembly definition
'Packages/com.unity.cinemachine/Editor/Obsolete/CinemachineVirtualCameraBaseEditor.cs' contains partial class of Unity.Object, exactly 1 of the partial classes needs to be in a file with the same filename. This is to know the one that can be referenced from ie. GameObjects
'Packages/com.unity.cinemachine/Editor/Editors/CinemachineVirtualCameraBaseEditor.cs' contains partial class of Unity.Object, exactly 1 of the partial classes needs to be in a file with the same filename. This is to know the one that can be referenced from ie. GameObjects
Refreshing native plugins compatible for Editor in 1.23 ms, found 1 plugins.
Native extension for WindowsStandalone target not found
Assembly reference Packages/com.unity.cinemachine/Editor/Samples/ExposeHDRPInternals/HDRP-Editor-ref.asmref has no target assembly definition
[Package Manager] Failed to launch server process. Reason: Unity was launched with the -noUpm command-line argument
[Package Manager] Unable to send message (not connected to server process).
[Package Manager] Cannot connect to Unity Package Manager local server
Mono: successfully reloaded assembly
- Finished resetting the current domain, in  0.549 seconds
Domain Reload Profiling: 1498ms
	BeginReloadAssembly (251ms)
		ExecutionOrderSort (0ms)
		DisableScriptedObjects (15ms)
		BackupInstance (0ms)
		ReleaseScriptingObjects (0ms)
		CreateAndSetChildDomain (40ms)
	RebuildCommonClasses (89ms)
	RebuildNativeTypeToScriptingClass (20ms)
	initialDomainReloadingComplete (49ms)
	LoadAllAssembliesAndSetupDomain (540ms)
		LoadAssemblies (518ms)
		RebuildTransferFunctionScriptingTraits (0ms)
		AnalyzeDomain (173ms)
			TypeCache.Refresh (14ms)
				TypeCache.ScanAssembly (2ms)
			BuildScriptInfoCaches (151ms)
			ResolveRequiredComponents (5ms)
	FinalizeReload (549ms)
		ReleaseScriptCaches (0ms)
		RebuildScriptCaches (0ms)
		SetupLoadedEditorAssemblies (409ms)
			LogAssemblyErrors (0ms)
			InitializePlatformSupportModulesInManaged (2ms)
			SetLoadedEditorAssemblies (8ms)
			BeforeProcessingInitializeOnLoad (166ms)
			ProcessInitializeOnLoadAttributes (184ms)
			ProcessInitializeOnLoadMethodAttributes (46ms)
			AfterProcessingInitializeOnLoad (2ms)
			EditorAssembliesLoaded (0ms)
		ExecutionOrderSort2 (0ms)
		AwakeInstancesAfterBackupRestoration (8ms)
WARNING: Shader Unsupported: 'Toon/Basic Outline' - All subshaders removed
WARNING: Shader Did you use #pragma only_renderers and omit this platform?
WARNING: Shader If subshaders removal was intentional, you may have forgotten turning Fallback off?
WARNING: Shader Unsupported: 'Toon/Basic Outline' - All subshaders removed
WARNING: Shader Did you use #pragma only_renderers and omit this platform?
WARNING: Shader If subshaders removal was intentional, you may have forgotten turning Fallback off?
WARNING: Shader Unsupported: 'Toon/Lit Outline' - All subshaders removed
WARNING: Shader Did you use #pragma only_renderers and omit this platform?
WARNING: Shader If subshaders removal was intentional, you may have forgotten turning Fallback off?
WARNING: Shader Unsupported: 'Toon/Lit Outline' - All subshaders removed
WARNING: Shader Did you use #pragma only_renderers and omit this platform?
WARNING: Shader If subshaders removal was intentional, you may have forgotten turning Fallback off?
Refreshing native plugins compatible for Editor in 1.07 ms, found 1 plugins.
Preloading 0 native plugins for Editor in 0.00 ms.
Unloading 15 Unused Serialized files (Serialized files now loaded: 0)
Unloading 2237 unused Assets / (3.1 MB). Loaded Objects now: 2894.
Memory consumption went from 108.0 MB to 104.8 MB.
Total: 5.758900 ms (FindLiveObjects: 0.246100 ms CreateObjectMapping: 0.192900 ms MarkObjects: 4.121700 ms  DeleteObjects: 1.197500 ms)

Prepare: number of updated asset objects reloaded= 0
========================================================================
Received Import Request.
  Time since last request: 136.824542 seconds.
  path: Assets/RopeSegment.prefab
  artifactKey: Guid(5e21f20c33a369949bebf56754d7ccb3) Importer(815301076,1909f56bfc062723c751e8b465ee728b)
Start importing Assets/RopeSegment.prefab using Guid(5e21f20c33a369949bebf56754d7ccb3) Importer(815301076,1909f56bfc062723c751e8b465ee728b) (PreviewImporter) -> (artifact id: '661988ff5bb6cf733f8ab6bed44b2085') in 0.0720392 seconds
Number of updated asset objects reloaded before import = 0Number of asset objects unloaded after import = 20

========================================================================
Received Import Request.
  Time since last request: 164.848885 seconds.
  path: Assets/RopeSegment.prefab
  artifactKey: Guid(5e21f20c33a369949bebf56754d7ccb3) Importer(815301076,1909f56bfc062723c751e8b465ee728b)
Start importing Assets/RopeSegment.prefab using Guid(5e21f20c33a369949bebf56754d7ccb3) Importer(815301076,1909f56bfc062723c751e8b465ee728b) (PreviewImporter) -> (artifact id: '97e65e22f48d038ff994d3d6a893f0ec') in 0.0113985 seconds
Number of updated asset objects reloaded before import = 0Number of asset objects unloaded after import = 20

========================================================================
Received Import Request.
  Time since last request: 3.901604 seconds.
  path: Assets/RopeSegment.prefab
  artifactKey: Guid(5e21f20c33a369949bebf56754d7ccb3) Importer(815301076,1909f56bfc062723c751e8b465ee728b)
Start importing Assets/RopeSegment.prefab using Guid(5e21f20c33a369949bebf56754d7ccb3) Importer(815301076,1909f56bfc062723c751e8b465ee728b) (PreviewImporter) -> (artifact id: '701769182b5a7de497cd5a6ed83739d4') in 0.0119563 seconds
Number of updated asset objects reloaded before import = 0Number of asset objects unloaded after import = 20

========================================================================
Received Import Request.
  Time since last request: 146.839694 seconds.
  path: Assets/RopeSegment.prefab
  artifactKey: Guid(5e21f20c33a369949bebf56754d7ccb3) Importer(815301076,1909f56bfc062723c751e8b465ee728b)
Start importing Assets/RopeSegment.prefab using Guid(5e21f20c33a369949bebf56754d7ccb3) Importer(815301076,1909f56bfc062723c751e8b465ee728b) (PreviewImporter) -> (artifact id: '2335b2771d3c9953b3c6aa4fb2eb085c') in 0.0141344 seconds
Number of updated asset objects reloaded before import = 0Number of asset objects unloaded after import = 20

========================================================================
Received Import Request.
  Time since last request: 5.248044 seconds.
  path: Assets/RopeSegment.prefab
  artifactKey: Guid(5e21f20c33a369949bebf56754d7ccb3) Importer(815301076,1909f56bfc062723c751e8b465ee728b)
Start importing Assets/RopeSegment.prefab using Guid(5e21f20c33a369949bebf56754d7ccb3) Importer(815301076,1909f56bfc062723c751e8b465ee728b) (PreviewImporter) -> (artifact id: 'a205a1e82e96f5b473b4bba52cdf9db9') in 0.012616 seconds
Number of updated asset objects reloaded before import = 0Number of asset objects unloaded after import = 20

========================================================================
Received Import Request.
  Time since last request: 4.918157 seconds.
  path: Assets/RopeSegment.prefab
  artifactKey: Guid(5e21f20c33a369949bebf56754d7ccb3) Importer(815301076,1909f56bfc062723c751e8b465ee728b)
Start importing Assets/RopeSegment.prefab using Guid(5e21f20c33a369949bebf56754d7ccb3) Importer(815301076,1909f56bfc062723c751e8b465ee728b) (PreviewImporter) -> (artifact id: '382b0bd774922fba8f502b8117569501') in 0.014009 seconds
Number of updated asset objects reloaded before import = 0Number of asset objects unloaded after import = 20

========================================================================
Received Import Request.
  Time since last request: 8.098974 seconds.
  path: Assets/RopeSegment.prefab
  artifactKey: Guid(5e21f20c33a369949bebf56754d7ccb3) Importer(815301076,1909f56bfc062723c751e8b465ee728b)
Start importing Assets/RopeSegment.prefab using Guid(5e21f20c33a369949bebf56754d7ccb3) Importer(815301076,1909f56bfc062723c751e8b465ee728b) (PreviewImporter) -> (artifact id: 'b77ea872707104f47564c75fdcfef6eb') in 0.0112057 seconds
Number of updated asset objects reloaded before import = 0Number of asset objects unloaded after import = 20

========================================================================
Received Import Request.
  Time since last request: 8.772252 seconds.
  path: Assets/RopeSegment.prefab
  artifactKey: Guid(5e21f20c33a369949bebf56754d7ccb3) Importer(815301076,1909f56bfc062723c751e8b465ee728b)
Start importing Assets/RopeSegment.prefab using Guid(5e21f20c33a369949bebf56754d7ccb3) Importer(815301076,1909f56bfc062723c751e8b465ee728b) (PreviewImporter) -> (artifact id: 'fc2de81898906316c1866b6c953184dd') in 0.0140525 seconds
Number of updated asset objects reloaded before import = 0Number of asset objects unloaded after import = 20

========================================================================
Received Import Request.
  Time since last request: 10.712424 seconds.
  path: Assets/RopeSegment.prefab
  artifactKey: Guid(5e21f20c33a369949bebf56754d7ccb3) Importer(815301076,1909f56bfc062723c751e8b465ee728b)
Start importing Assets/RopeSegment.prefab using Guid(5e21f20c33a369949bebf56754d7ccb3) Importer(815301076,1909f56bfc062723c751e8b465ee728b) (PreviewImporter) -> (artifact id: '95310b83a97478060b3d1e1ab77c76d1') in 0.0135806 seconds
Number of updated asset objects reloaded before import = 0Number of asset objects unloaded after import = 20

========================================================================
Received Import Request.
  Time since last request: 358.747482 seconds.
  path: Assets/RopeSegment.prefab
  artifactKey: Guid(5e21f20c33a369949bebf56754d7ccb3) Importer(815301076,1909f56bfc062723c751e8b465ee728b)
Start importing Assets/RopeSegment.prefab using Guid(5e21f20c33a369949bebf56754d7ccb3) Importer(815301076,1909f56bfc062723c751e8b465ee728b) (PreviewImporter) -> (artifact id: '9c2fe953bb0b78c0a37951a347e3e8fd') in 0.0138236 seconds
Number of updated asset objects reloaded before import = 0Number of asset objects unloaded after import = 20

========================================================================
Received Import Request.
  Time since last request: 717.141030 seconds.
  path: Assets/RopeSegment.prefab
  artifactKey: Guid(5e21f20c33a369949bebf56754d7ccb3) Importer(815301076,1909f56bfc062723c751e8b465ee728b)
Start importing Assets/RopeSegment.prefab using Guid(5e21f20c33a369949bebf56754d7ccb3) Importer(815301076,1909f56bfc062723c751e8b465ee728b) (PreviewImporter) -> (artifact id: 'ae5a8e7bf9d35e7198f1e0282f22f951') in 0.0134061 seconds
Number of updated asset objects reloaded before import = 0Number of asset objects unloaded after import = 20

========================================================================
Received Import Request.
  Time since last request: 18.262475 seconds.
  path: Assets/RopeSegment.prefab
  artifactKey: Guid(5e21f20c33a369949bebf56754d7ccb3) Importer(815301076,1909f56bfc062723c751e8b465ee728b)
Start importing Assets/RopeSegment.prefab using Guid(5e21f20c33a369949bebf56754d7ccb3) Importer(815301076,1909f56bfc062723c751e8b465ee728b) (PreviewImporter) -> (artifact id: '57ad4c703c704e1d64a8e5ddbd367cba') in 0.0116751 seconds
Number of updated asset objects reloaded before import = 0Number of asset objects unloaded after import = 20

========================================================================
Received Import Request.
  Time since last request: 10.917961 seconds.
  path: Assets/RopeSegment.prefab
  artifactKey: Guid(5e21f20c33a369949bebf56754d7ccb3) Importer(815301076,1909f56bfc062723c751e8b465ee728b)
Start importing Assets/RopeSegment.prefab using Guid(5e21f20c33a369949bebf56754d7ccb3) Importer(815301076,1909f56bfc062723c751e8b465ee728b) (PreviewImporter) -> (artifact id: 'a5b81b5f6f06d58481b5e7f2e09001e6') in 0.0159244 seconds
Number of updated asset objects reloaded before import = 0Number of asset objects unloaded after import = 20

========================================================================
Received Import Request.
  Time since last request: 164.031732 seconds.
  path: Assets/RopeSegment.prefab
  artifactKey: Guid(5e21f20c33a369949bebf56754d7ccb3) Importer(815301076,1909f56bfc062723c751e8b465ee728b)
Start importing Assets/RopeSegment.prefab using Guid(5e21f20c33a369949bebf56754d7ccb3) Importer(815301076,1909f56bfc062723c751e8b465ee728b) (PreviewImporter) -> (artifact id: 'ed18f0327dd55746b9bb4fd06dec73e1') in 0.015357 seconds
Number of updated asset objects reloaded before import = 0Number of asset objects unloaded after import = 19

========================================================================
Received Import Request.
  Time since last request: 3.244655 seconds.
  path: Assets/RopeSegment.prefab
  artifactKey: Guid(5e21f20c33a369949bebf56754d7ccb3) Importer(815301076,1909f56bfc062723c751e8b465ee728b)
Start importing Assets/RopeSegment.prefab using Guid(5e21f20c33a369949bebf56754d7ccb3) Importer(815301076,1909f56bfc062723c751e8b465ee728b) (PreviewImporter) -> (artifact id: '8e82986e34fce688b2347bd08a9bd98b') in 0.016744 seconds
Number of updated asset objects reloaded before import = 0Number of asset objects unloaded after import = 20

========================================================================
Received Import Request.
  Time since last request: 9.193129 seconds.
  path: Assets/RopeSegment.prefab
  artifactKey: Guid(5e21f20c33a369949bebf56754d7ccb3) Importer(815301076,1909f56bfc062723c751e8b465ee728b)
Start importing Assets/RopeSegment.prefab using Guid(5e21f20c33a369949bebf56754d7ccb3) Importer(815301076,1909f56bfc062723c751e8b465ee728b) (PreviewImporter) -> (artifact id: 'cc4710367906c8af41d20ba448c3f71d') in 0.0138061 seconds
Number of updated asset objects reloaded before import = 0Number of asset objects unloaded after import = 20

========================================================================
Received Import Request.
  Time since last request: 3.872917 seconds.
  path: Assets/RopeSegment.prefab
  artifactKey: Guid(5e21f20c33a369949bebf56754d7ccb3) Importer(815301076,1909f56bfc062723c751e8b465ee728b)
Start importing Assets/RopeSegment.prefab using Guid(5e21f20c33a369949bebf56754d7ccb3) Importer(815301076,1909f56bfc062723c751e8b465ee728b) (PreviewImporter) -> (artifact id: 'f3cc0b0f034b6cbf0111ba63e7982d70') in 0.0164752 seconds
Number of updated asset objects reloaded before import = 0Number of asset objects unloaded after import = 20

========================================================================
Received Import Request.
  Time since last request: 2.245888 seconds.
  path: Assets/RopeSegment.prefab
  artifactKey: Guid(5e21f20c33a369949bebf56754d7ccb3) Importer(815301076,1909f56bfc062723c751e8b465ee728b)
Start importing Assets/RopeSegment.prefab using Guid(5e21f20c33a369949bebf56754d7ccb3) Importer(815301076,1909f56bfc062723c751e8b465ee728b) (PreviewImporter) -> (artifact id: '6070dd661d99f531e58a6183287069d3') in 0.0163702 seconds
Number of updated asset objects reloaded before import = 0Number of asset objects unloaded after import = 20

========================================================================
Received Import Request.
  Time since last request: 4.933032 seconds.
  path: Assets/RopeSegment.prefab
  artifactKey: Guid(5e21f20c33a369949bebf56754d7ccb3) Importer(815301076,1909f56bfc062723c751e8b465ee728b)
Start importing Assets/RopeSegment.prefab using Guid(5e21f20c33a369949bebf56754d7ccb3) Importer(815301076,1909f56bfc062723c751e8b465ee728b) (PreviewImporter) -> (artifact id: '91d0b9d8c8178785f9c688c7e526d1fa') in 0.0160597 seconds
Number of updated asset objects reloaded before import = 0Number of asset objects unloaded after import = 20

========================================================================
Received Import Request.
  Time since last request: 1.602854 seconds.
  path: Assets/RopeSegment.prefab
  artifactKey: Guid(5e21f20c33a369949bebf56754d7ccb3) Importer(815301076,1909f56bfc062723c751e8b465ee728b)
Start importing Assets/RopeSegment.prefab using Guid(5e21f20c33a369949bebf56754d7ccb3) Importer(815301076,1909f56bfc062723c751e8b465ee728b) (PreviewImporter) -> (artifact id: '90216277013310403bc36595b92f6509') in 0.0165317 seconds
Number of updated asset objects reloaded before import = 0Number of asset objects unloaded after import = 20

========================================================================
Received Prepare
'Packages/com.unity.cinemachine/Editor/Obsolete/CinemachineVirtualCameraBaseEditor.cs' contains partial class of Unity.Object, exactly 1 of the partial classes needs to be in a file with the same filename. This is to know the one that can be referenced from ie. GameObjects
'Packages/com.unity.cinemachine/Editor/Editors/CinemachineVirtualCameraBaseEditor.cs' contains partial class of Unity.Object, exactly 1 of the partial classes needs to be in a file with the same filename. This is to know the one that can be referenced from ie. GameObjects
WARNING: Shader Unsupported: 'Toon/Basic Outline' - All subshaders removed
WARNING: Shader Did you use #pragma only_renderers and omit this platform?
WARNING: Shader If subshaders removal was intentional, you may have forgotten turning Fallback off?
WARNING: Shader Unsupported: 'Toon/Basic Outline' - All subshaders removed
WARNING: Shader Did you use #pragma only_renderers and omit this platform?
WARNING: Shader If subshaders removal was intentional, you may have forgotten turning Fallback off?
WARNING: Shader Unsupported: 'Toon/Lit Outline' - All subshaders removed
WARNING: Shader Did you use #pragma only_renderers and omit this platform?
WARNING: Shader If subshaders removal was intentional, you may have forgotten turning Fallback off?
WARNING: Shader Unsupported: 'Toon/Lit Outline' - All subshaders removed
WARNING: Shader Did you use #pragma only_renderers and omit this platform?
WARNING: Shader If subshaders removal was intentional, you may have forgotten turning Fallback off?
Refreshing native plugins compatible for Editor in 1.51 ms, found 1 plugins.
Preloading 0 native plugins for Editor in 0.00 ms.
Unloading 15 Unused Serialized files (Serialized files now loaded: 0)
Unloading 2233 unused Assets / (3.0 MB). Loaded Objects now: 2895.
Memory consumption went from 102.2 MB to 99.2 MB.
Total: 11.629700 ms (FindLiveObjects: 0.455100 ms CreateObjectMapping: 0.342800 ms MarkObjects: 9.246200 ms  DeleteObjects: 1.584200 ms)

Prepare: number of updated asset objects reloaded= 0
========================================================================
Received Prepare
Assembly reference Packages/com.unity.cinemachine/Editor/Samples/ExposeHDRPInternals/HDRP-Editor-ref.asmref has no target assembly definition
Assembly reference Packages/com.unity.cinemachine/Editor/Samples/ExposeHDRPInternals/HDRP-Editor-ref.asmref has no target assembly definition
Begin MonoManager ReloadAssembly
Symbol file LoadedFromMemory is not a mono symbol file
- Loaded All Assemblies, in  0.549 seconds
Assembly reference Packages/com.unity.cinemachine/Editor/Samples/ExposeHDRPInternals/HDRP-Editor-ref.asmref has no target assembly definition
'Packages/com.unity.cinemachine/Editor/Obsolete/CinemachineVirtualCameraBaseEditor.cs' contains partial class of Unity.Object, exactly 1 of the partial classes needs to be in a file with the same filename. This is to know the one that can be referenced from ie. GameObjects
'Packages/com.unity.cinemachine/Editor/Editors/CinemachineVirtualCameraBaseEditor.cs' contains partial class of Unity.Object, exactly 1 of the partial classes needs to be in a file with the same filename. This is to know the one that can be referenced from ie. GameObjects
Refreshing native plugins compatible for Editor in 1.18 ms, found 1 plugins.
Native extension for WindowsStandalone target not found
Assembly reference Packages/com.unity.cinemachine/Editor/Samples/ExposeHDRPInternals/HDRP-Editor-ref.asmref has no target assembly definition
[Package Manager] Failed to launch server process. Reason: Unity was launched with the -noUpm command-line argument
[Package Manager] Unable to send message (not connected to server process).
[Package Manager] Cannot connect to Unity Package Manager local server
Mono: successfully reloaded assembly
- Finished resetting the current domain, in  0.459 seconds
Domain Reload Profiling: 1006ms
	BeginReloadAssembly (222ms)
		ExecutionOrderSort (0ms)
		DisableScriptedObjects (14ms)
		BackupInstance (0ms)
		ReleaseScriptingObjects (0ms)
		CreateAndSetChildDomain (38ms)
	RebuildCommonClasses (40ms)
	RebuildNativeTypeToScriptingClass (11ms)
	initialDomainReloadingComplete (27ms)
	LoadAllAssembliesAndSetupDomain (247ms)
		LoadAssemblies (289ms)
		RebuildTransferFunctionScriptingTraits (0ms)
		AnalyzeDomain (85ms)
			TypeCache.Refresh (5ms)
				TypeCache.ScanAssembly (0ms)
			BuildScriptInfoCaches (75ms)
			ResolveRequiredComponents (3ms)
	FinalizeReload (460ms)
		ReleaseScriptCaches (0ms)
		RebuildScriptCaches (0ms)
		SetupLoadedEditorAssemblies (341ms)
			LogAssemblyErrors (0ms)
			InitializePlatformSupportModulesInManaged (2ms)
			SetLoadedEditorAssemblies (7ms)
			BeforeProcessingInitializeOnLoad (136ms)
			ProcessInitializeOnLoadAttributes (160ms)
			ProcessInitializeOnLoadMethodAttributes (34ms)
			AfterProcessingInitializeOnLoad (2ms)
			EditorAssembliesLoaded (0ms)
		ExecutionOrderSort2 (0ms)
		AwakeInstancesAfterBackupRestoration (9ms)
WARNING: Shader Unsupported: 'Toon/Basic Outline' - All subshaders removed
WARNING: Shader Did you use #pragma only_renderers and omit this platform?
WARNING: Shader If subshaders removal was intentional, you may have forgotten turning Fallback off?
WARNING: Shader Unsupported: 'Toon/Basic Outline' - All subshaders removed
WARNING: Shader Did you use #pragma only_renderers and omit this platform?
WARNING: Shader If subshaders removal was intentional, you may have forgotten turning Fallback off?
WARNING: Shader Unsupported: 'Toon/Lit Outline' - All subshaders removed
WARNING: Shader Did you use #pragma only_renderers and omit this platform?
WARNING: Shader If subshaders removal was intentional, you may have forgotten turning Fallback off?
WARNING: Shader Unsupported: 'Toon/Lit Outline' - All subshaders removed
WARNING: Shader Did you use #pragma only_renderers and omit this platform?
WARNING: Shader If subshaders removal was intentional, you may have forgotten turning Fallback off?
Refreshing native plugins compatible for Editor in 0.81 ms, found 1 plugins.
Preloading 0 native plugins for Editor in 0.00 ms.
Unloading 15 Unused Serialized files (Serialized files now loaded: 0)
Unloading 2237 unused Assets / (2.9 MB). Loaded Objects now: 2896.
Memory consumption went from 103.9 MB to 101.0 MB.
Total: 5.097600 ms (FindLiveObjects: 0.244200 ms CreateObjectMapping: 0.175200 ms MarkObjects: 3.735400 ms  DeleteObjects: 0.942100 ms)

Prepare: number of updated asset objects reloaded= 0
========================================================================
Received Import Request.
  Time since last request: 49.847277 seconds.
  path: Assets/RopeSegment.prefab
  artifactKey: Guid(5e21f20c33a369949bebf56754d7ccb3) Importer(815301076,1909f56bfc062723c751e8b465ee728b)
Start importing Assets/RopeSegment.prefab using Guid(5e21f20c33a369949bebf56754d7ccb3) Importer(815301076,1909f56bfc062723c751e8b465ee728b) (PreviewImporter) -> (artifact id: 'fff688f1342a65b68d14f930b9d41cfc') in 0.0748204 seconds
Number of updated asset objects reloaded before import = 0Number of asset objects unloaded after import = 20

========================================================================
Received Import Request.
  Time since last request: 2.142359 seconds.
  path: Assets/RopeSegment.prefab
  artifactKey: Guid(5e21f20c33a369949bebf56754d7ccb3) Importer(815301076,1909f56bfc062723c751e8b465ee728b)
Start importing Assets/RopeSegment.prefab using Guid(5e21f20c33a369949bebf56754d7ccb3) Importer(815301076,1909f56bfc062723c751e8b465ee728b) (PreviewImporter) -> (artifact id: '2dc7b8490aab3b275164e2fadc6f969f') in 0.0140419 seconds
Number of updated asset objects reloaded before import = 0Number of asset objects unloaded after import = 20

========================================================================
Received Import Request.
  Time since last request: 0.996049 seconds.
  path: Assets/RopeSegment.prefab
  artifactKey: Guid(5e21f20c33a369949bebf56754d7ccb3) Importer(815301076,1909f56bfc062723c751e8b465ee728b)
Start importing Assets/RopeSegment.prefab using Guid(5e21f20c33a369949bebf56754d7ccb3) Importer(815301076,1909f56bfc062723c751e8b465ee728b) (PreviewImporter) -> (artifact id: '9cfae050fd88e4d2079407a998316fd2') in 0.0149219 seconds
Number of updated asset objects reloaded before import = 0Number of asset objects unloaded after import = 20

========================================================================
Received Import Request.
  Time since last request: 294.378533 seconds.
  path: Assets/Rocks and Boulders 2
  artifactKey: Guid(c2105d80e17562a46915f4c6f112841a) Importer(815301076,1909f56bfc062723c751e8b465ee728b)
Start importing Assets/Rocks and Boulders 2 using Guid(c2105d80e17562a46915f4c6f112841a) Importer(815301076,1909f56bfc062723c751e8b465ee728b) (PreviewImporter) -> (artifact id: '0d4e8b124f226c7c35b61139ed823d92') in 0.0006259 seconds
Number of updated asset objects reloaded before import = 0Number of asset objects unloaded after import = 0

========================================================================
Received Import Request.
  Time since last request: 1.078454 seconds.
  path: Assets/Rocks and Boulders 2/Rocks
  artifactKey: Guid(e2272ccdfc6870f4b962910707e21594) Importer(815301076,1909f56bfc062723c751e8b465ee728b)
Start importing Assets/Rocks and Boulders 2/Rocks using Guid(e2272ccdfc6870f4b962910707e21594) Importer(815301076,1909f56bfc062723c751e8b465ee728b) (PreviewImporter) -> (artifact id: '6715de8103e583f0a48db415ae97d3f5') in 0.0005247 seconds
Number of updated asset objects reloaded before import = 0Number of asset objects unloaded after import = 0

========================================================================
Received Import Request.
  Time since last request: 1.166745 seconds.
  path: Assets/Rocks and Boulders 2/Rocks/Prefabs
  artifactKey: Guid(8e74734055c3cf64dbbb0f1793dc9764) Importer(815301076,1909f56bfc062723c751e8b465ee728b)
Start importing Assets/Rocks and Boulders 2/Rocks/Prefabs using Guid(8e74734055c3cf64dbbb0f1793dc9764) Importer(815301076,1909f56bfc062723c751e8b465ee728b) (PreviewImporter) -> (artifact id: '8b23db17a36b0d0b39da80b7919b070b') in 0.0005384 seconds
Number of updated asset objects reloaded before import = 0Number of asset objects unloaded after import = 0

========================================================================
Received Import Request.
  Time since last request: 0.025113 seconds.
  path: Assets/Rocks and Boulders 2/Rocks/Prefabs/Rock1_grup1.prefab
  artifactKey: Guid(54a9cf01843431742a3126013891032d) Importer(815301076,1909f56bfc062723c751e8b465ee728b)
Start importing Assets/Rocks and Boulders 2/Rocks/Prefabs/Rock1_grup1.prefab using Guid(54a9cf01843431742a3126013891032d) Importer(815301076,1909f56bfc062723c751e8b465ee728b) (PreviewImporter) -> (artifact id: '559a84426396580343a03ac8310dc51b') in 0.2826768 seconds
Number of updated asset objects reloaded before import = 0Number of asset objects unloaded after import = 35

========================================================================
Received Import Request.
  Time since last request: 0.000020 seconds.
  path: Assets/Rocks and Boulders 2/Rocks/Prefabs/Rock5B.prefab
  artifactKey: Guid(977e7278d3486f1489724a6d226b9ca0) Importer(815301076,1909f56bfc062723c751e8b465ee728b)
Start importing Assets/Rocks and Boulders 2/Rocks/Prefabs/Rock5B.prefab using Guid(977e7278d3486f1489724a6d226b9ca0) Importer(815301076,1909f56bfc062723c751e8b465ee728b) (PreviewImporter) -> (artifact id: '2e5d86c77754125651a47236a7868076') in 0.0564368 seconds
Number of updated asset objects reloaded before import = 0Number of asset objects unloaded after import = 16

========================================================================
Received Import Request.
  Time since last request: 0.000035 seconds.
  path: Assets/Rocks and Boulders 2/Rocks/Prefabs/Rock6B.prefab
  artifactKey: Guid(fb5464049dae54247bf24c0e536cd6b4) Importer(815301076,1909f56bfc062723c751e8b465ee728b)
Start importing Assets/Rocks and Boulders 2/Rocks/Prefabs/Rock6B.prefab using Guid(fb5464049dae54247bf24c0e536cd6b4) Importer(815301076,1909f56bfc062723c751e8b465ee728b) (PreviewImporter) -> (artifact id: 'da068f12fb5f7ff47df0d7bf1e703ea7') in 0.0500298 seconds
Number of updated asset objects reloaded before import = 0Number of asset objects unloaded after import = 17

========================================================================
Received Import Request.
  Time since last request: 0.000016 seconds.
  path: Assets/Rocks and Boulders 2/Rocks/Prefabs/Rock6A.prefab
  artifactKey: Guid(ad1f5855a33f0694886cbd301d99cc40) Importer(815301076,1909f56bfc062723c751e8b465ee728b)
Start importing Assets/Rocks and Boulders 2/Rocks/Prefabs/Rock6A.prefab using Guid(ad1f5855a33f0694886cbd301d99cc40) Importer(815301076,1909f56bfc062723c751e8b465ee728b) (PreviewImporter) -> (artifact id: '37c59bf8b8a014c5a7afd765a64b5d3b') in 0.0737931 seconds
Number of updated asset objects reloaded before import = 0Number of asset objects unloaded after import = 17

========================================================================
Received Import Request.
  Time since last request: 0.000018 seconds.
  path: Assets/Rocks and Boulders 2/Rocks/Prefabs/Rock4A.prefab
  artifactKey: Guid(5f36b57d675b1444cb2203b7a6cac6cb) Importer(815301076,1909f56bfc062723c751e8b465ee728b)
Start importing Assets/Rocks and Boulders 2/Rocks/Prefabs/Rock4A.prefab using Guid(5f36b57d675b1444cb2203b7a6cac6cb) Importer(815301076,1909f56bfc062723c751e8b465ee728b) (PreviewImporter) -> (artifact id: 'ceb0773605d414916921e9f7b7b7d30c') in 0.0353536 seconds
Number of updated asset objects reloaded before import = 0Number of asset objects unloaded after import = 16

========================================================================
Received Import Request.
  Time since last request: 0.000021 seconds.
  path: Assets/Rocks and Boulders 2/Rocks/Prefabs/Rock1D.prefab
  artifactKey: Guid(5d4cffe5f1249a046b3bc42bbd99dc47) Importer(815301076,1909f56bfc062723c751e8b465ee728b)
Start importing Assets/Rocks and Boulders 2/Rocks/Prefabs/Rock1D.prefab using Guid(5d4cffe5f1249a046b3bc42bbd99dc47) Importer(815301076,1909f56bfc062723c751e8b465ee728b) (PreviewImporter) -> (artifact id: '2b9aa477bedba356434f4238f9d411a3') in 0.0346586 seconds
Number of updated asset objects reloaded before import = 0Number of asset objects unloaded after import = 16

========================================================================
Received Import Request.
  Time since last request: 0.000020 seconds.
  path: Assets/Rocks and Boulders 2/Rocks/Prefabs/Rock1_grup5.prefab
  artifactKey: Guid(f696a81957e80df439600b80ea8667ec) Importer(815301076,1909f56bfc062723c751e8b465ee728b)
Start importing Assets/Rocks and Boulders 2/Rocks/Prefabs/Rock1_grup5.prefab using Guid(f696a81957e80df439600b80ea8667ec) Importer(815301076,1909f56bfc062723c751e8b465ee728b) (PreviewImporter) -> (artifact id: '47a7e95ee3752b27238f89a08e721768') in 0.0346661 seconds
Number of updated asset objects reloaded before import = 0Number of asset objects unloaded after import = 39

========================================================================
Received Import Request.
  Time since last request: 0.000027 seconds.
  path: Assets/Rocks and Boulders 2/Rocks/Prefabs/Rock1LOD_grup3.prefab
  artifactKey: Guid(059c81de61f2d4e4cbe522492d0181da) Importer(815301076,1909f56bfc062723c751e8b465ee728b)
Start importing Assets/Rocks and Boulders 2/Rocks/Prefabs/Rock1LOD_grup3.prefab using Guid(059c81de61f2d4e4cbe522492d0181da) Importer(815301076,1909f56bfc062723c751e8b465ee728b) (PreviewImporter) -> (artifact id: '392956777d638e56dfb5a82a09367836') in 0.0370047 seconds
Number of updated asset objects reloaded before import = 0Number of asset objects unloaded after import = 37

========================================================================
Received Import Request.
  Time since last request: 0.000022 seconds.
  path: Assets/Rocks and Boulders 2/Rocks/Prefabs/Rock4B.prefab
  artifactKey: Guid(55f94b3dfaaba26458dbf470efc8cfa4) Importer(815301076,1909f56bfc062723c751e8b465ee728b)
Start importing Assets/Rocks and Boulders 2/Rocks/Prefabs/Rock4B.prefab using Guid(55f94b3dfaaba26458dbf470efc8cfa4) Importer(815301076,1909f56bfc062723c751e8b465ee728b) (PreviewImporter) -> (artifact id: '99e115ee6ce9b97e0b80b6f0f201a9c7') in 0.0706107 seconds
Number of updated asset objects reloaded before import = 0Number of asset objects unloaded after import = 16

========================================================================
Received Import Request.
  Time since last request: 0.000019 seconds.
  path: Assets/Rocks and Boulders 2/Rocks/Prefabs/Rock6C.prefab
  artifactKey: Guid(d9c3d22cdfbbcfd4f8d8019ff97a0f2e) Importer(815301076,1909f56bfc062723c751e8b465ee728b)
Start importing Assets/Rocks and Boulders 2/Rocks/Prefabs/Rock6C.prefab using Guid(d9c3d22cdfbbcfd4f8d8019ff97a0f2e) Importer(815301076,1909f56bfc062723c751e8b465ee728b) (PreviewImporter) -> (artifact id: 'f1e757c6ff32651eaa9bc70e4eb8f711') in 0.0397672 seconds
Number of updated asset objects reloaded before import = 0Number of asset objects unloaded after import = 17

========================================================================
Received Import Request.
  Time since last request: 0.000023 seconds.
  path: Assets/Rocks and Boulders 2/Rocks/Prefabs/Rock3.prefab
  artifactKey: Guid(f282d9fb9b399dd4384b20aba08642fb) Importer(815301076,1909f56bfc062723c751e8b465ee728b)
Start importing Assets/Rocks and Boulders 2/Rocks/Prefabs/Rock3.prefab using Guid(f282d9fb9b399dd4384b20aba08642fb) Importer(815301076,1909f56bfc062723c751e8b465ee728b) (PreviewImporter) -> (artifact id: '91112431d757fa0fe11ed6d03fa44207') in 0.032989 seconds
Number of updated asset objects reloaded before import = 0Number of asset objects unloaded after import = 16

========================================================================
Received Import Request.
  Time since last request: 0.000020 seconds.
  path: Assets/Rocks and Boulders 2/Rocks/Prefabs/Rock1B.prefab
  artifactKey: Guid(0f1e1518a80e562458930d8b2d0670d9) Importer(815301076,1909f56bfc062723c751e8b465ee728b)
Start importing Assets/Rocks and Boulders 2/Rocks/Prefabs/Rock1B.prefab using Guid(0f1e1518a80e562458930d8b2d0670d9) Importer(815301076,1909f56bfc062723c751e8b465ee728b) (PreviewImporter) -> (artifact id: '844d25fabb5263ac3556ab9d5fc3a062') in 0.0347619 seconds
Number of updated asset objects reloaded before import = 0Number of asset objects unloaded after import = 16

========================================================================
Received Import Request.
  Time since last request: 0.000023 seconds.
  path: Assets/Rocks and Boulders 2/Rocks/Prefabs/Rock1_grup4.prefab
  artifactKey: Guid(6b9fd6eae9eb0d546ae14cdaee6d1156) Importer(815301076,1909f56bfc062723c751e8b465ee728b)
Start importing Assets/Rocks and Boulders 2/Rocks/Prefabs/Rock1_grup4.prefab using Guid(6b9fd6eae9eb0d546ae14cdaee6d1156) Importer(815301076,1909f56bfc062723c751e8b465ee728b) (PreviewImporter) -> (artifact id: '5b64ac456e0a70265fd2d2684f84d07d') in 0.0323439 seconds
Number of updated asset objects reloaded before import = 0Number of asset objects unloaded after import = 40

========================================================================
Received Import Request.
  Time since last request: 15.823869 seconds.
  path: Assets/RockPrefabs/rock1.prefab
  artifactKey: Guid(9b6f3604c0a8cfa48b6cf834aacd5a52) Importer(815301076,1909f56bfc062723c751e8b465ee728b)
Start importing Assets/RockPrefabs/rock1.prefab using Guid(9b6f3604c0a8cfa48b6cf834aacd5a52) Importer(815301076,1909f56bfc062723c751e8b465ee728b) (PreviewImporter) -> (artifact id: 'a9dd4f5c46403a8e2c8118bb2649cee6') in 0.2663665 seconds
Number of updated asset objects reloaded before import = 0Number of asset objects unloaded after import = 15

========================================================================
Received Import Request.
  Time since last request: 0.000021 seconds.
  path: Assets/RockPrefabs/rock3.prefab
  artifactKey: Guid(de1b331a072858645a491c81f57aa299) Importer(815301076,1909f56bfc062723c751e8b465ee728b)
Start importing Assets/RockPrefabs/rock3.prefab using Guid(de1b331a072858645a491c81f57aa299) Importer(815301076,1909f56bfc062723c751e8b465ee728b) (PreviewImporter) -> (artifact id: 'de47872ae66900550ef23b8f0bd44d16') in 0.1007437 seconds
Number of updated asset objects reloaded before import = 0Number of asset objects unloaded after import = 15

========================================================================
Received Import Request.
  Time since last request: 0.000028 seconds.
  path: Assets/RockPrefabs/rock_set_03.prefab
  artifactKey: Guid(7cb88f0337d7a26479976b61b4f5b47a) Importer(815301076,1909f56bfc062723c751e8b465ee728b)
Start importing Assets/RockPrefabs/rock_set_03.prefab using Guid(7cb88f0337d7a26479976b61b4f5b47a) Importer(815301076,1909f56bfc062723c751e8b465ee728b) (PreviewImporter) -> (artifact id: 'e6f7d81a0b3a6dbbb74ff7a21a6e4d8e') in 0.1912437 seconds
Number of updated asset objects reloaded before import = 0Number of asset objects unloaded after import = 21

========================================================================
Received Import Request.
  Time since last request: 61.323973 seconds.
  path: Assets/RockFREE/New Terrain.asset
  artifactKey: Guid(ca0dc48cf1847674a9d204b4af6f8d0a) Importer(815301076,1909f56bfc062723c751e8b465ee728b)
Start importing Assets/RockFREE/New Terrain.asset using Guid(ca0dc48cf1847674a9d204b4af6f8d0a) Importer(815301076,1909f56bfc062723c751e8b465ee728b) (PreviewImporter) -> (artifact id: 'fe14662f1ebf87d4683063825cd549b3') in 0.0746895 seconds
Number of updated asset objects reloaded before import = 0Number of asset objects unloaded after import = 49

========================================================================
Received Import Request.
  Time since last request: 287.444580 seconds.
  path: Assets/RockPrefabs/Rock1C.prefab
  artifactKey: Guid(2f51083edc203484390674ca3f42ed55) Importer(815301076,1909f56bfc062723c751e8b465ee728b)
Start importing Assets/RockPrefabs/Rock1C.prefab using Guid(2f51083edc203484390674ca3f42ed55) Importer(815301076,1909f56bfc062723c751e8b465ee728b) (PreviewImporter) -> (artifact id: '2aa5c70803d2e1e838d0f507ec529866') in 0.0290804 seconds
Number of updated asset objects reloaded before import = 0Number of asset objects unloaded after import = 16

========================================================================
Received Import Request.
  Time since last request: 0.022614 seconds.
  path: Assets/RockPrefabs/Rock1B.prefab
  artifactKey: Guid(050d879cbde803a449dec41895f37343) Importer(815301076,1909f56bfc062723c751e8b465ee728b)
Start importing Assets/RockPrefabs/Rock1B.prefab using Guid(050d879cbde803a449dec41895f37343) Importer(815301076,1909f56bfc062723c751e8b465ee728b) (PreviewImporter) -> (artifact id: 'fd4116eb9fbe4a911571a283b4662a3f') in 0.037439 seconds
Number of updated asset objects reloaded before import = 0Number of asset objects unloaded after import = 16

========================================================================
Received Import Request.
  Time since last request: 0.000021 seconds.
  path: Assets/RockPrefabs/Rock6C.prefab
  artifactKey: Guid(389d19751a2a2414680dcb630cff3ef4) Importer(815301076,1909f56bfc062723c751e8b465ee728b)
Start importing Assets/RockPrefabs/Rock6C.prefab using Guid(389d19751a2a2414680dcb630cff3ef4) Importer(815301076,1909f56bfc062723c751e8b465ee728b) (PreviewImporter) -> (artifact id: '674db17ef4ecb7a1ff3ecf7b4f809315') in 0.034874 seconds
Number of updated asset objects reloaded before import = 0Number of asset objects unloaded after import = 17

========================================================================
Received Import Request.
  Time since last request: 0.000022 seconds.
  path: Assets/RockPrefabs/Rock4B.prefab
  artifactKey: Guid(8c3bb2885cefabf40add972b8c1de00c) Importer(815301076,1909f56bfc062723c751e8b465ee728b)
Start importing Assets/RockPrefabs/Rock4B.prefab using Guid(8c3bb2885cefabf40add972b8c1de00c) Importer(815301076,1909f56bfc062723c751e8b465ee728b) (PreviewImporter) -> (artifact id: 'b40cf072a28d50a690f65355d5ed6550') in 0.0308657 seconds
Number of updated asset objects reloaded before import = 0Number of asset objects unloaded after import = 16

========================================================================
Received Import Request.
  Time since last request: 0.000016 seconds.
  path: Assets/RockPrefabs/Rock5B.prefab
  artifactKey: Guid(a44353f67bf2d5643ab4e43b39cee079) Importer(815301076,1909f56bfc062723c751e8b465ee728b)
Start importing Assets/RockPrefabs/Rock5B.prefab using Guid(a44353f67bf2d5643ab4e43b39cee079) Importer(815301076,1909f56bfc062723c751e8b465ee728b) (PreviewImporter) -> (artifact id: '897f4e4ca8b6c118e905dc36a720443f') in 0.0312846 seconds
Number of updated asset objects reloaded before import = 0Number of asset objects unloaded after import = 16

========================================================================
Received Import Request.
  Time since last request: 27.930997 seconds.
  path: Assets/Rope.prefab
  artifactKey: Guid(e9670f6be64539142b480343990073f9) Importer(815301076,1909f56bfc062723c751e8b465ee728b)
Start importing Assets/Rope.prefab using Guid(e9670f6be64539142b480343990073f9) Importer(815301076,1909f56bfc062723c751e8b465ee728b) (PreviewImporter) -> (artifact id: 'f674f3e8fc8750bff70d45fc9c4001af') in 0.0179638 seconds
Number of updated asset objects reloaded before import = 0Number of asset objects unloaded after import = 28

========================================================================
Received Import Request.
  Time since last request: 16.504459 seconds.
  path: Packages/com.unity.2d.sprite/Editor/ObjectMenuCreation/DefaultAssets/Textures/v2/Circle.png
  artifactKey: Guid(a86470a33a6bf42c4b3595704624658b) Importer(815301076,1909f56bfc062723c751e8b465ee728b)
Start importing Packages/com.unity.2d.sprite/Editor/ObjectMenuCreation/DefaultAssets/Textures/v2/Circle.png using Guid(a86470a33a6bf42c4b3595704624658b) Importer(815301076,1909f56bfc062723c751e8b465ee728b) (PreviewImporter) -> (artifact id: 'd168cb4cf62a176b199b592e107495b7') in 0.0187979 seconds
Number of updated asset objects reloaded before import = 0Number of asset objects unloaded after import = 3

========================================================================
Received Import Request.
  Time since last request: 166.572591 seconds.
  path: Assets/RockPrefabs
  artifactKey: Guid(942d5f92b1c83c647b13150c339edce6) Importer(815301076,1909f56bfc062723c751e8b465ee728b)
Start importing Assets/RockPrefabs using Guid(942d5f92b1c83c647b13150c339edce6) Importer(815301076,1909f56bfc062723c751e8b465ee728b) (PreviewImporter) -> (artifact id: '13d63a25295cf5dacf7f123ecc2dc13d') in 0.0005637 seconds
Number of updated asset objects reloaded before import = 0Number of asset objects unloaded after import = 0

========================================================================
Received Import Request.
  Time since last request: 31.740994 seconds.
  path: Assets/RockPrefabs/Rock1D.prefab
  artifactKey: Guid(67e7f33119187cc40ab8fa27d145e4e9) Importer(815301076,1909f56bfc062723c751e8b465ee728b)
Start importing Assets/RockPrefabs/Rock1D.prefab using Guid(67e7f33119187cc40ab8fa27d145e4e9) Importer(815301076,1909f56bfc062723c751e8b465ee728b) (PreviewImporter) -> (artifact id: 'a7ca572e9bf899891827ef65a5e3d3bb') in 0.0280146 seconds
Number of updated asset objects reloaded before import = 0Number of asset objects unloaded after import = 16

========================================================================
Received Import Request.
  Time since last request: 1.178607 seconds.
  path: Assets/RockPrefabs/Rock1D.prefab
  artifactKey: Guid(67e7f33119187cc40ab8fa27d145e4e9) Importer(815301076,1909f56bfc062723c751e8b465ee728b)
Start importing Assets/RockPrefabs/Rock1D.prefab using Guid(67e7f33119187cc40ab8fa27d145e4e9) Importer(815301076,1909f56bfc062723c751e8b465ee728b) (PreviewImporter) -> (artifact id: 'be58461d1d10e6ecc0a9e0a89480d65e') in 0.025705 seconds
Number of updated asset objects reloaded before import = 0Number of asset objects unloaded after import = 16

========================================================================
Received Import Request.
  Time since last request: 1.187855 seconds.
  path: Assets/RockPrefabs/Rock1D.prefab
  artifactKey: Guid(67e7f33119187cc40ab8fa27d145e4e9) Importer(815301076,1909f56bfc062723c751e8b465ee728b)
Start importing Assets/RockPrefabs/Rock1D.prefab using Guid(67e7f33119187cc40ab8fa27d145e4e9) Importer(815301076,1909f56bfc062723c751e8b465ee728b) (PreviewImporter) -> (artifact id: 'bd2887a34e731b32b8a42f17a84a2920') in 0.0252305 seconds
Number of updated asset objects reloaded before import = 0Number of asset objects unloaded after import = 16

========================================================================
Received Import Request.
  Time since last request: 2.208199 seconds.
  path: Assets/RockPrefabs/Rock1D.prefab
  artifactKey: Guid(67e7f33119187cc40ab8fa27d145e4e9) Importer(815301076,1909f56bfc062723c751e8b465ee728b)
Start importing Assets/RockPrefabs/Rock1D.prefab using Guid(67e7f33119187cc40ab8fa27d145e4e9) Importer(815301076,1909f56bfc062723c751e8b465ee728b) (PreviewImporter) -> (artifact id: '211cc79b08cbbdc37ae68e975e591dc5') in 0.0260618 seconds
Number of updated asset objects reloaded before import = 0Number of asset objects unloaded after import = 16

========================================================================
Received Import Request.
  Time since last request: 0.213693 seconds.
  path: Assets/RockPrefabs/Rock3 1.prefab
  artifactKey: Guid(b8e75aca1b493f246a8bf4342efcb418) Importer(815301076,1909f56bfc062723c751e8b465ee728b)
Start importing Assets/RockPrefabs/Rock3 1.prefab using Guid(b8e75aca1b493f246a8bf4342efcb418) Importer(815301076,1909f56bfc062723c751e8b465ee728b) (PreviewImporter) -> (artifact id: '50936a022ee0357d87e3197f41309c63') in 0.0215129 seconds
Number of updated asset objects reloaded before import = 0Number of asset objects unloaded after import = 16

========================================================================
Received Import Request.
  Time since last request: 0.000017 seconds.
  path: Assets/RockPrefabs/Rock6C.prefab
  artifactKey: Guid(389d19751a2a2414680dcb630cff3ef4) Importer(815301076,1909f56bfc062723c751e8b465ee728b)
Start importing Assets/RockPrefabs/Rock6C.prefab using Guid(389d19751a2a2414680dcb630cff3ef4) Importer(815301076,1909f56bfc062723c751e8b465ee728b) (PreviewImporter) -> (artifact id: 'fbd3b08863ebf8715120dd828723a51d') in 0.0251715 seconds
Number of updated asset objects reloaded before import = 0Number of asset objects unloaded after import = 17

========================================================================
Received Import Request.
  Time since last request: 0.000016 seconds.
  path: Assets/RockPrefabs/Rock4B.prefab
  artifactKey: Guid(8c3bb2885cefabf40add972b8c1de00c) Importer(815301076,1909f56bfc062723c751e8b465ee728b)
Start importing Assets/RockPrefabs/Rock4B.prefab using Guid(8c3bb2885cefabf40add972b8c1de00c) Importer(815301076,1909f56bfc062723c751e8b465ee728b) (PreviewImporter) -> (artifact id: '9c9e8451937281775e4af88005277198') in 0.0197417 seconds
Number of updated asset objects reloaded before import = 0Number of asset objects unloaded after import = 16

========================================================================
Received Import Request.
  Time since last request: 0.000016 seconds.
  path: Assets/RockPrefabs/Rock6B.prefab
  artifactKey: Guid(3e2c3822ec0b90a459a8563e4d4def46) Importer(815301076,1909f56bfc062723c751e8b465ee728b)
Start importing Assets/RockPrefabs/Rock6B.prefab using Guid(3e2c3822ec0b90a459a8563e4d4def46) Importer(815301076,1909f56bfc062723c751e8b465ee728b) (PreviewImporter) -> (artifact id: 'e518aea450ed30ec0eed45390b88a39a') in 0.0241307 seconds
Number of updated asset objects reloaded before import = 0Number of asset objects unloaded after import = 17

========================================================================
Received Import Request.
  Time since last request: 0.000023 seconds.
  path: Assets/RockPrefabs/Rock5B.prefab
  artifactKey: Guid(a44353f67bf2d5643ab4e43b39cee079) Importer(815301076,1909f56bfc062723c751e8b465ee728b)
Start importing Assets/RockPrefabs/Rock5B.prefab using Guid(a44353f67bf2d5643ab4e43b39cee079) Importer(815301076,1909f56bfc062723c751e8b465ee728b) (PreviewImporter) -> (artifact id: '5d099b468627e79ff7923fbdef520457') in 0.0213315 seconds
Number of updated asset objects reloaded before import = 0Number of asset objects unloaded after import = 16

Editor requested this worker to shutdown with reason: Scaling down because of idle timeout
AssetImportWorker is now disconnected from the server
Process exiting
Exiting without the bug reporter. Application will terminate with return code 0